Pertanyaan;Jawaban
Apa yang dimaksud komponen cadangan?;Komponen cadangan adalah Sumber Daya Nasional yang telah disiapkan untuk dikerahkan melalui mobilisasi guna memperbesar dan memperkuat kekuatan dan kemampuan Komponen Utama.
Apakah Komcad di persenjatai?;Meski prajurit komponen cadangan ini setelah mengikuti pelatihan tidak dipersenjatai, namum dalam proses latihan di Rindam, mereka berlatih menembak juga
Tes Komcad dimana?;Pendidikan Komcad Angkatan Udara bakal dilaksanakan di Wingdik 800/PASGAT di Bandung, Jawa Barat. Dulunya bernama Pusat Pendidikan dan Latihan Komando Pasukan Gerak Cepat.
Apakah Komcad digaji?;Dituliskan secara jelas bahwa Negara tidak mengeluarkan biaya untuk membayar gaji dan tunjangan lainnya kepada anggota komcad sebagaimana prajurit TNI.
Apa sih sebenarnya Komcad itu?;Merujuk UU NO 23 Tahun 2019 tentang pengelolaan sumber daya nasional untuk pertahanan negara Komcad atau Komponen Cadangan adalah sumber daya nasional yang telah disiapkan untuk dikerahkan melalui mobilisasi guna memperkuat kekuatan dan kemampuan komponen utama (TNI).
apa keuntungan menjadi komcad?;Komcad memungkinkan memperbesar dan memperkuat Komponen Utama (TNI) secara efisien tanpa harus memperbesar kekuatan TNI yang membutuhkan anggaran jauh lebih besar.
Bagaimana status setelah selesai pelatihan?;Setelah selesai pelatihan dan dinyatakan lulus, mereka akan ditetapkan secara resmi sebagai anggota Komcad dan bisa kembali ke profesi awalnya sebagai warga negara sipil.
Tes apa saja untuk Komcad?;Dalam Tes Kesehatan 2 seluruh peserta wajib mengikuti Tes Darah , EKG dan Radiologi (Rontgen). Tes Darah dilaksanakan pada pagi hari di Kodikmar, kemudian tes EKG di Gedung R.E. Martadinata Kodiklatal, dan Rontgen di Satuan Kesehatan (Satkes) Kodiklatal.
Apakah menjadi komponen cadangan dapat gaji?;Besarannya! Menjadi Komcad, maka anggota menerima sejumlah benefit, antara lain uang saku, tunjangan operasi, rawatan kesehatan, jaminan keselamatan kerja, hingga penghargaan
Apa saja tugas Komcad?;Komcad berbeda dengan TNI yang merupakan angkatan bersenjata negara Indonesia yang berperan sebagai alat negara di bidang pertahanan, Komcad berfungsi untuk memperkuat Komponen Utama.
Kapan dibuka pendaftaran Komcad 2023?;Dikutip dari Instagram resmi Direktorat Jenderal Potensi Pertahanan Kemhan RI @ditjenpothan, pendaftaran dibuka mulai 2 Januari hingga 14 April 2023.
Kapan pendaftaran Komcad di tutup?;Pemerintah pusat melalui Kementerian Pertahanan kembali membuka pendaftaran pembentukan Komponen Cadangan (Komcad). Pendaftaran sudah dibuka sejak 2 Januari lalu dan akan ditutup 14 April mendatang
Apakah Komcad bisa jadi PNS?;Sebelumnya keputusan ASN dan PNS bisa masuk dalam Komcad tertuang dalam Surat Edaran Menteri PANRB Nomor 27 Tahun 2021 tentang Peran Serta Pegawai ASN sebagai Komponen Cadangan Dalam Mendukung Upaya Pertahanan Negara yang diteken Tjahjo Kumolo pada 27 Desember.
Komcad ada berapa pangkat?;Selamat memahami ketika Menteri Pertahanan Prabowo Subianto memberikan penghargaan kepada Deddy sebagai duta Komponen Cadangan (Komcad) pada Oktober 2021. Ia menambahkan, Komcad berbeda dengan pangkat tituler. “Pangkat tertinggi Komcad itu hanya kapten. Mengapa Deddy diberikan pangkat letkol tituler?
Berapa lama masa kerja Komcad?;Masa Latihan /Pendidikan Kemiliteran selama 3 bulan, apakah cukup menjaga konsistensi Kemampuan Komcad, ketika sesudahnya mereka harus kembali ke profesinya masing masing? Kemampuan anggota Komcad harus selalu dijaga sampai masa baktinya pada usia 48 tahun.
Berapa lama masa dinas Komcad?;Masa pengabdian Komcad ada masa aktif dan tidak aktif. Masa aktif, yaitu saat mengikuti pelatihan dan penyegaran dimana pelatihan penyegaran setiap tahun selama maksimal 90 hari dan minimal 12 hari. Sementara masa tidak aktif, yaitu setelah selesai masa aktif dan kembali ke profesi semula.
Baret Komcad warna apa?;Personel Komcad dibekali baret berwarna hijau yang hampir mirip dengan Korps Infanteri.
Apakah Komcad dapat gaji tiap bulan?;PNS Daftar Komcad Dapat Uang Saku & Gaji, Nih Besarannya! Menjadi Komcad, maka anggota menerima sejumlah benefit, antara lain uang saku, tunjangan operasi, rawatan kesehatan, jaminan keselamatan kerja, hingga penghargaan.
Komcad di tempatkan dimana?;Batalyon-Batalyon Komcad akan ditempatkan di daerah-daerah yang tidak memiliki satuan TNI setingkat Kodim dengan tujuan sebagai pelapis dan pendukung kekuatan utama.
Berapa kuota Komcad 2023?;Sosialisasi yang dilakukan Kemenhan RI minggu lalu tersebut terhubung ke seluruh jajaran Makodam I/Bukit Barisan, dimana rencananya pembentukan Komcad tersebut untuk kuota 500 orang dan seleksi akan diadakan ditingkat daerah dimulai pada tanggal 2 Januari sampai 14 April 2023.
Berapa jumlah komponen cadangan TNI?;Pada gelombang pertama di 2021 berjumlah 3.103 orang, gelombang kedua di 2022 berjumlah 2.974 orang dan di tahun 2023 sebanyak 2.497 orang. Maka sejak 2021 sampai dengan 2023, jumlah Komcad yang sudah ditetapkan sebanyak 8.574 orang.
Apakah seragam Komcad di bawa pulang?;Namun atribut tersebut itu tidak diperkenankan dibawa pulang, melainkan disimpan atau dititipkan di Kodim setempat.
Siapa saja yang masuk dalam komponen cadangan?;Komponen cadangan terdiri dari matra darat, matra laut, dan matra udara yang selalu siap pada saat dibutuhkan melalui mobilisasi. dan dapat digerakkan oleh Presiden pada waktu perang atau keadaan darurat nasional, dengan izin Dewan Perwakilan Rakyat.
Komcad 2023 syaratnya apa saja?;Syarat Pendaftaran Komcad 2023, Sehat Jasmani dan Rohani. Beriman dan bertakwa kepada tuhan yang maha esa. Setia kepada NKRI yang berdasarkan pancasila dan UUD Negara Republik Indonesia. Setia kepada NKRI yang berdasarkan pancasila dan UUD Negara Republik Indonesia. Berusia 18 - 35 Tahun. Tidak memiliki catatan kriminal. Bukan anggota atau mantan TNI/Polri. Berijazah minimal SMP/Sederajat.
Kapan jadwal seleksi Komcad 2023?;Pendaftaran online: 2 Januari - 14 April 2023, Seleksi administratif: 17 - 25 April 2023, Seleksi kompetensi 26 April - 5 Mei 2023, Pantukhir (Pemantauan Akhir): 5 Mei 2023, Latmasrmil (Latihan Dasar Militer) : 8 Mei - 5 Agustus 2023.
Komcad tugas dimana?;Semuanya dipersiapkan untuk dimanfaatkan ketika negara dalam kondisi darurat militer atau bencana alam. Mobilisasi Komcad hanya bisa dilakukan oleh Presiden atas persetujuan DPR RI untuk kepentingan pertahanan negara. Komcad berjumlah 2.974 orang itu ditugaskan ke beberapa Resimen Induk Daerah Militer alias Rindam.
Dimana tempat daftar Komcad?;Pendaftaran Komcad 2023 ini dibuka untuk umum dengan registrasi melalui website komcad.kemhan.go.id
Apakah wanita bisa masuk Komcad?;Direktur Jendral Potensi Pertahanan Kementerian Pertahanan Mayjen TNI Dadang Hendrayudha mengatakan siapa saja boleh mendaftar Komponen Cadangan. Baik pria maupun wanita asalkan berusia 18-35 tahun dan memenuhi syarat lainnya.
Komcad sampai umur berapa?;Syarat umur, batas minimum untuk menjadi KOMCAD adalah 18 tahun dan maksimal 35 tahun dengan masa pengabdian hingga 48 tahun.
Tata cara mendaftar Komcad 2023?;Buka link pendaftaran https://komcad.kemhan.go.id/komcad/, Klik 'Daftar menjadi Komponen  Cadangan', Klik 'Daftar' untuk membuat akun terlebih dahulu, Masukkan nama, NIK, email, nomor HP, password, dan isi captcha, Lalu ikuti langkah pendaftaran lainnya, Selanjutnya buka email yang anda daftarkan untuk melakukan proses verifikasi data, Kemudian, buka link https://komcad.kemhan.go.id/komcad/login untuk melakukan login akun. Masukkan email, kata sandi, dan kode captcha, Setelah berhasil login, klik kembali 'Daftar Menjadi Komponen Cadangan' dan isikan seluruh data yang diminta pada form pendaftaran, termasuk mengunggah dokumen persyaratan, Terakhir, klik 'Simpan' untuk menyelesaikan tahap pendaftaran. Jika sudah berhasil, akan ditampilkan pesan konfirmasi dan nomor peserta pada layar.
Apakah Komcad dapat seragam?;“Mereka dapat seragam, sama seperti kami, ada pangkatnya, tapi yang bedanya baju kami ada tulisan TNI, mereka tertulis Komcad. Mereka juga dapat senjata, ada nomor senjatanya. Tapi seragam dan senjatanya ditaruh di kodim,” terang Tabri. Seleksi Komcad akan dimulai pada 8 Mei 2022 mendatang di Markas Korem di Samarinda
Komcad dibawah siapa?;Pembinaan Komcad dilakukan oleh Kementerian Pertahanan dan Panglima TNI.
Apakah Komcad adalah Wajib Militer?;Bukan. Komponen Cadangan (Komcad) bukan wajib militer. Komponen Cadangan adalah salah satu program sukarela (tidak wajib) yang diamanatkan oleh UU No. 23 Tahun 2019 Tentang Pengelolaan Sumber Daya Nasional untuk Pertahanan Negara.
Kok ada Rekruitmen Anggota Komcad?;Rekrutmen anggota Komcad dilaksanakan untuk merealisasikan SDM Komcad. Negara mempersiapkan cadangan SDM yang terlatih untuk membantu komponen utama, yaitu TNI apabila suatu waktu dibutuhkan ketika negara darurat militer atau bencana alam. SDM Komcad ini akan siap sedia, sudah terorganisir dengan baik, kemampuan dasar militernya telah terlatih dengan baik, maupun kemampuan kesiagaan bencananya.
Kenapa Tidak Memperkuat Alutsista dan Profesionalisme Prajurit TNI Saja?;Memperkuat dan melakukan modernisasi Alutsista dan profesionalisme prajurit TNI terus dilakukan oleh Kementerian Pertahanan dan TNI. Namun penyiapan Komcad untuk pertahanan adalah hal lain yang diamanatkan UU. Keduanya memiliki tujuan yang sama, yaitu memperbesar dan memperkuat kekuatan komponen utama yakni TNI. Komcad menjadi paket lengkap penguatan pertahanan negara bersamaan dengan upaya memperkuat alutsista, karena ketika ancaman perang berlarut datang atau bencana alam besar datang, Komponen Utama (TNI) sangat membutuhkan sokongan dari sumber daya manusia yang sudah terlatih dan terorganisir dengan baik.
Bagaimana setelah selesai pelatihan?;Setelah selesai pelatihan dan dinyatakan lulus, mereka  akan ditetapkan secara resmi sebagai anggota Komcad dan bisa kembali ke profesi awalnya sebagai warga negara sipil. Seluruh atribut kemiliteran yang digunakan untuk latihan, termasuk senjata, dikembalikan ke lembaga pendidikan militer masing-masing sesuai dengan Peraturan Pemerintah No. 3/2021. Untuk menjaga kemampuan Komcad, TNI akan memanggil untuk melakukan penyegaran atau pelatihan kembali minimal selama 12 hari dalam setahun.
Anggota Komcad yang terlatih bisa menjadi preman dan ancaman untuk masyarakat umum?;Anggota Komcad ketika tidak dimobilisasi atau tidak dalam masa pelatihan terikat dengan aturan hukum positif yang berlaku untuk warga sipil. Kekhawatiran terkait hal tersebut bisa dimaklumi, namun Komcad sendiri sejak proses rekruitmen sudah melalui rangkaian tes yang ketat yang dilaksanakan oleh TNI, mulai dari tes psikologi, profiling dan lain – lain. Selain itu, ada penerapan sistem pengawasan yang ketat pula ketika mereka sudah menjadi anggota Komcad guna mecegah hal tersebut.
Ada Ancaman Militerisme dan Pelanggaran HAM pada pembentukan Komcad?;Komcad adalah amanat UU No. 23 Tahun 2019 Tentang Pengelolaan Sumber Daya Nasional untuk Pertahanan Negara. UU tersebut sudah melalui proses legislasi yang panjang, melibatkan banyak pihak. Tujuan memperbesar dan memperkuat Komponen Utama (TNI) bukan merupakan wujud militerisme, melainkan upaya menjaga dan mempersiapkan diri untuk menghadapi ancaman terhadap negara yang kapan saja bisa datang. Komcad bukan upaya memaksa warga sipil agar berlaku militeristik karena tidak ada kewajiban bagi warga negara Indonesia untuk ikut Komcad. Dengan demikian, tidak ada pelanggaran HAM dalam pembentukannya. Bahkan, Komcad adalah implementasi nilai-nilai demokrasi itu sendiri, di mana warga negara bebas memilih jalan dan cara pengabdian dan partisipasinya dalam bela negara. Bisa lewat profesinya masing-masing, dan bisa juga dengan menjadi Komcad.
Komcad ini kok terkesan tiba-tiba?;Tidak. Perencanaan Komcad sudah diamanatkan oleh UU No. 23 Tahun 2019 yang sudah melalui proses perencanaan, proses debat ilmiah, dan proses legislasi yang sangat panjang sampai UU ini disahkan oleh DPR. Pun demikian dengan Peraturan Pemerintah No.3 Tahun 2021, sebagai aturan turunan dari UU ini yang juga dipersiapkan dengan sangat matang melibatkan banyak pihak. Jadi, Komcad bukan program bimsalabim. Komcad adalah amanat UU, serta amanat pendiri bangsaterkait dengan doktrin pertahanan rakyat semesta.
Seberapa penting pembentukan Komponen Cadangan pada saat ini, karena seharusnya Pemerintah fokus pada modernisasi Alutsista dan peningkatan kesejahteraan prajurit?;Pembangunan dan pengadaan Alutsista sudah dianggarkan setiap tahun sesuai kemampuan negara dalam anggaran pertahanan, yang termasuk juga anggaran SDM yang jumlahnya paling besar dalam anggaran Kemhan dan TNI.
Setiap anggota masyarakat yang tidak memenuhi panggilan untuk menjadi Komponen Cadangan terancam hukuman pidana, yang tentunya menyalahi prinsip conscientious objection (hak untuk menolak atas dasar keyakinannya) dalam Norma HAM Internasional, Jelaskan!;UU PSDN yang menjadi dasar hukum pembentukan SDM Komcad mengamanatkan penerimaan Komcad dilakukan atas dasar sukarela tanpa ada paksaan. UU PSDN juga tidak mengabaikan prinsip conscientious objection (hak menolak warga atas dasar keyakinannya), karena konteks pada Pasal 18, 66, 77, 78, dan 79 diterapkan pada mereka yang telah mengikuti/terikat pada status sebagai Komcad, yang pada dasarnya bersifat sukarela dan tidak dipaksa. Artinya tidak ada prinsip yang dilanggar bagi mereka yang menyatakan kesukarelaan, berbeda dengan wajib militer. Hubungan kontraktual membawa konsekuensi kewajiban hukum bagi para pihak yang terlibat di dalamnya.
Luasnya ruang lingkup ancaman dalam Pasal 4 UU PSDN, apakah akan menimbulkan konflik horizontal dan permasalahan tersendiri?;Pengunaan Komcad dalam suatu operasi militer wajib melalui keputusan politik pemerintah, yaitu Presiden dengan persetujuan DPR. Komcad tidak berdiri sendiri, tetapi bergabung dengan Komponen Utama yang komando dan kendalinya berada dibawah Panglima TNI sehingga tidak ada anggota Komcad yang melakukan kegiatan mandiri. Penggunaan Komcad adalah alternatif terakhir, apabila Komponen Utama perlu tambahan tenaga pengganti.
Dalam sejarah Indonesia, proses militerisasi sipil pernah digunakan oleh penguasa untuk mengamankan kekuasaan yang sering menimbulkan kekerasan dan pelanggaran hak asasi manusia. Mohon Penjelasannya.;Pembentukan Komponen Cadangan berbeda dengan pembentukan milisi seperti kelompok-kelompok Pam Swakarsa yang digunakan untuk menghadapi demonstrasi besar mahasiswa yang menolak Sidang Istimewa, dan lain-lain. Perbedaan anggota Pam Swakarsa dengan Komponen Cadangan antara lain : Perekrutan tidak melalui seleksi administrasi dan kompetensi, namun berdasarkan keanggotaan Ormas tertentu. Tidak melaksanakan Latihan Dasar Kemiliteran, sehingga tidak punya standar yang jelas. Penggunaannya tanpa keputusan politik pemerintah. Organisasi Pam Swakarsa tidak ada ikatan operasional dengan TNI, sehingga dapat bergerak sendiri.
Penetapan Komponen Cadangan berupa sumber daya alam dan sumber daya buatan serat sarana dan prasarana nasional mengabaikan prinsip kesukarelaan. Benarkah?;Komponen pendukung dan komponen cadangan merupakan bagian dari hak dan kewajiban masyarakat terlibat dalam pertahanan negara, yang diatur secara teknis dalam UU Nomor 23 tahun 2019. Tidak satupun pasal yang menjelaskan secara eksplisit terkait potensi pengambilalihan sumber daya alam, sumber daya buatan dan sarana dan prasarana lain milik warga negara secara sewenang-wenang oleh negara. Sebaliknya, UU ini mengatur alasan, waktu dan batasan pengerahan dan pemanfaatan komponen pendukung dan komponen cadangan, yang tidak dapat ditafsirkan di luar yang dimaksud UU ini.
Di tengah situasi krisis global akibat pandemi Covid-19, pembentukan komponen cadangan tidak mendesak. Jelaskan!;Pemerintah wajib untuk mempersiapkan secara dini pertahanan negara berdasarkan amanat UU. Secara geografis, Indonesia adalah gerbang bagi kawasan Asia Pasifik sehingga pemerintah memandang perlu untuk mengatur tata kelola pertahanan negara dengan keterlibatan Sumber Daya Nasional tersebut melalui Pembentukan Komponen Cadangan dan Penataan Komponen Pendukung yang saat ini diatur melalui Undang-undang Nomor 23 Tahun 2019 tentang Pengelolaan Sumber Daya Nasional untuk Pertahanan Negara.
Bagaimana sistem pengawasan Komcad setelah selesai dilatih dan ditetapkan agar tidak ada ekses negatif misalnya melakukan kegiatan premanisme?;Sejak proses perekrutan, anggota Komcad melalui tes yang ketat, baik kesamaptaan jasmani, kompetensi, psikologi maunpun mental ideologi sehingga mereka yang lolos untuk dilatih dan ditetapkan sebagai Komcad merupakan WNI pilihan yang  emiliki sifat patriot, disiplin, toleransi, sigap tanggap, rela berkorban, pantang menyerah, peduli sesama, memiliki jiwa pemimpin, dan percaya diri
Siapa saja yang bisa jadi Komcad?;Sehat Jasmani dan Rohani.
Mencampur adukkan istilah Wajib Militer dengan Komcad?;Wajib militer adalah wajib menjadi militer. Komcad aspek SDM adalah warga negara nirmiliter/sipil yang memenuhi syarat dilatih dasar kemiliteran dan diorganisir dengan status tetap sipil. Pada saat digunakan melalui mobilisasi baru berubah menjadi kombatan/milter.
Sanksi ancaman hukuman bagi yang tidak ikut dalam Komcad?;Tidak semua warga negara diwajibkan menjadi komcad. Bagi warga negara yang memenuhi kritera dan telah lulus seleksi untuk menjadi komcad jika menolak tanpa alas an yang sah dapat dikenakan sanksi. Bagi warga negara yang secara sukarela mendaftarkan diri dan lulus seleksi, bila tanpa alasan yang sah mengundurkan diri akan dapat dikenakan sanksi.
Biaya yang telalu besar untuk melatih warga negara menjadi Komcad?;Anggaran melatih warga negara untuk menjadi anggota komponen cadangan tidak terlalu besar. Biaya untuk pengeloaan komcad hanya digunakan untuk membentuk, melatih paling lama 30 hari dalam satu tahun., dan mengorganisasi anggota komcad yang telah diangkat dan/atau ditetapkan. Negara tidak mengeluarkan biaya untuk membayar gaji dan tunjangan lainnya kepada anggota komcad sebagaimana prajurit TNI. Diperkirakan anggaran yang dibutuhkan untuk komcad kurang dari 1 % anggaran pertahanan.
Kemhan selama ini tidak pernah membuat perencanaan jangka panjang dan strategi pembentukan Komcad?;Komcad masuk dalam UU NO.17/2007 ttg RPJPN (2005- 2025), Jakum Hanneg (2005-200 dan 2010-2014), Postur Hanneg (Produk staregis 2010-2029
Mengapa RUU Komcad menjadi prioritas untuk segera diundangkan?;Sesuai amanat UU No. 3/2002 ttg Hanneg, untuk menghadapi ancaman militer system pertahanan negara ditopang oleh tiga komponen yaitu komponen utama, komponen cadangan dan komponen pendukung. RUU Komcad merupakan bagian dari pembangunan sistem pertahanan negara yang bersisfat semesta yang harus disiapkan sejak dini oleh pemerintah  (sejak UU  No.3/2002 diundangkan sampai sekarang sudah  8 tahun UU Komcad belum terwujud. Sebelum RUU Komcad diundangkan, maka pelibatan SDN dan sarprasnas dalam rangka sishanta tidak dapat direalisasikan.
Tugas Komcad setelah pendidikan?;Komcad bertugas memperbesar dan memperkuat kekuatan dan kemampuan Komponen Utama dalam menghadapi ancaman demi menjaga kedaulatan dan keutuhan NKRI.
Bagaimana caranya menjadi komponen cadangan?;Mendaftar melalui website/aplikasi mobile pendaftaran Komponen Cadangan, Setelah mendaftar sebagai Komponen Cadangan melalui website/aplikasi mobile, selanjutnya akan diarahkan untuk mengikuti seleksi penerimaan Komponen Cadangan *) seleksi menggunakan sistem gugur, Pengumuman lolos seleksi calon Komponen Cadangan, Lastsarmil (Latihan Dasar Militer) selama 3 bulan, Pengumuman kelulusan latsarmil,Penetapan menjadi Komponen Cadangan pertahanan negara.
Apa hak menjadi komponen cadangan?;Hak menjadi Komponen Cadangan antara lain: Uang saku selama menjalani pelatihan, Tunjangan operasi pada saat mobilisasi, Rawatan Kesehatan, Pelindungan jaminan kecelakaan kerja dan jaminan kematian, Penghargaan.
Apa itu Kompenen cadangan?;Komponen cadangan adalah Sumber Daya Nasional yang disiapkan untuk dikerahkan melalui mobilisasi guna memperkuat kekuatan dan kemampuan Komponen Utama. Sumber Daya Nasional ini terdiri dari Sumber Daya Manusia, Sumber Daya Alam dan Sumber Daya Buatan. Komponen cadangan bersifat sukarela, dimana penggunaan Komponen Cadangan hanya pada saat Mobilisasi oleh  Presiden dengan persetujuan DPR, jika berada di keadaan non aktif Komponen Cadangan akan menjadi warga negara seperti biasa dengan profesinya baik masyarakat,  ASN,  Mahasiswa, atau lainnya.
Setelah pelatihan Komcad jadi apa?;Setelah lulus dan resmi menjadi anggota Komcad, maka PNS bisa kembali bekerja di instansi masing-masing. Namun, mereka bisa sewaktu-waktu dipanggil kembali oleh TNI untuk mengikuti pelatihan tambahan sebagai bentuk penyegaran untuk memastikan kemampuannya masih terjaga.
Apakah anggota Komcad mendapat gaji?;Jika ada PNS yang mengikuti program tersebut, maka dipastikan mereka akan menerima gaji dan uang saku.
Apakah Komcad sama dengan wamil?;Apakah Komcad sama dengan wamil?
Apa yang dimaksud dengan Komcad TNI?;Mengutip keterangan di situs PPDI Kementerian Pertahanan, Komcad yang merupakan singkatan dari Komponen Cadangan bukanlah wajib militer.
Apa itu Komcad matra laut?;Komcad Matra Laut merupakan komponen masyarakat yang telah diseleksi dan dilatih untuk disiapkan sebagai alat pertahanan yang digerakkan melalui mobilisasi dalam keadaan perang untuk meningkatkan kekuatan TNI Angkatan Laut.
Apa itu Komcad matra udara?;Komcad Matra Udara ini berfungsi untuk memperkuat komponen utama yakni TNI AU untuk mengabdi dalam usaha pertahanan negara yang dilaksanakan secara sukarela.
Siapa saja yang bisa Mendaftar Komcad?;Setiap warga negara yang berusia 18-35 tahun, dengan latar belakang apa saja yang memenuhi persyaratan bisa secara sukarela mendaftar menjadi anggota Komcad. Namun, tentu setelah mendaftar harus lulus seleksi ketat yang dilaksanakan oleh TNI.
Apa Urgensi Komcad?;Setelah dinyatakan lulus seleksi, maka akan mendapatkan pelatihan militer dasar selama 3 bulan di pusat-pusat pelatihan militer milik TNI, baik TNI AD, AL maupun AU. Selama masa pelatihan, bila calon anggota Komcad tersebut berprofesi sebagai ASN atau karyawan swasta, akan tetap mendapatkan haknya dari instansi tempat mereka bekerja. Selain itu negara juga akan memberikan uang saku, jaminan asuransi dan kebutuhan lainya selama pelatihan. Bila anggota Komcad tersebut adalah mahasiswa maka mereka tetap memperoleh hak mereka sebagai mahasiswa.
Kok ada Rekruitmen Anggota Komcad?;Negara-negara besar lainnya, telah mengorganisir dengan baik Komcad mereka, Amerika Serikat melalui Garda Nasionalnya, Singapura pun demikian, bahkan jumlah jauh lebih besar. Selain itu, memperhatikan perkembangan lingkungan strategis yang terus membutuhkan persiapan dan kesiapan pertahanan yang kuat untuk mengantisipasi ancaman terhadap kedaulatan NKRI, maupun ancaman lainnya, termasuk bencana alam, Komponen Utama (TNI) harus selalu siap sedia. Dalam hal ini Komcad akan memperbesar dan memperkuat kekuatan TNI.
Batalyon-Batalyon Komcad akan ditempatkan di;Batalyon-Batalyon Komcad akan ditempatkan di daerah-daerah yang tidak memiliki satuan TNI setingkat Kodim dengan tujuan sebagai pelapis dan pendukung kekuatan utama.
Apakah atribut Komcad bisa di bawa pulang?;Namun atribut tersebut itu tidak diperkenankan dibawa pulang, melainkan disimpan atau dititipkan di Kodim setempat.
Kapan komponen Cadangan berakhir?;Komponen Cadangan akan berakhir  antara lain jika:  
Bisakah Komcad naik pangkat?;Untuk kepangkatan Komcad akan hanya ada saat mereka bertugas sebagai Komcad. Namun, sebagai warga negara sipil, Komcad tidak berpangkat. Sesuai PP No 3 Tahun 2021 Pasal 58 Komponen Cadangan yang telah dilantik akan diberikan pangkat mengacu pada penggolongan pangkat Tentara Nasional Indonesia.
Mengapa harus ada Komponen Cadangan?;Komponen Cadangan merupakan faktor penting dalam postur pertahanan negara Indonesia. Undang-Undang Nomor 3 Tahun 2002 tentang Pertahanan Negara menjelaskan bahwa pertahanan negara Indonesia diselenggarakan melalui Sistem Pertahanan Semesta, dimana dalam sistem tersebut melibatkan seluruh warga negara, wilayah serta segenap sumber daya nasional yang dipersiapkan secara dini oleh pemerintah dan diselenggarakan secara total, terarah dan berlanjut.
Apakah di negara lain ada komponen cadangan?;Sebagian negara memiliki Komponen Cadangan sebagai bagian sistem pertahanan negara. Secara umum fungsi Komponen Cadangan adalah fungsi mobilisasi dan fungsi demobilisasi. 
Komponen Cadangan terdiri dari aspek apa saja?;1. Warga Negara, 2.  Sumber Daya Alam, 3. Sumber Daya Buatan, 4. Sarana dan Prasarana Nasional
Bagaiman struktur kepanitian pusat penyelenggaraan seleksi Komponen Cadangan TA 2023?;Pengarah: Menhan, Wakil Pengarah: Wamenhan, Penanggung Jawab : Sekjen Kemhan, Ketua Panitia Pusat: Dirjen Pothan, Ketua Panitia Seleksi Matra Darat: Aspers Kasad, Ketua Panitia Seleksi Matra Laut : Aspers Kasal, Ketua Panitia Seleksi Matra Udara : Aspers Kasau
Apa saja persyaratan lain dari seleksi penerimaan Komponen Cadangan?;Laki-laki bukan anggota prajurit TNI/Polri, Berijazah min SMP/sederajat, Bagi Mahasiswa atas persetujuan rektor/dekan, Bagi ASN hrs mendapat izin dari HRD, Bersedia dimobilisasi di seluruh wilayah NKRI,Mengikuti seleksi yg diselenggarakan oleh panitia (Administrasi dan kompetensi).
Apakah Komponen Cadangan memiliki seperti anggota militer?;Komponen Cadangan yang telah dilantik diberikan pangkat mengacu pada penggolongan pangkat Tentara Nasional Indonesia. Pangkat ini hanya digunakan pada masa aktif Komponen Cadangan.
Apa saja sasaran dalam penyelenggaraan penerimaan Komponen Cadangan?;Terpenuhinya alokasi komponen cadangan matra darat TA 2023 sebanyak 1.500 orang, Terpenuhinya alokasi komponen cadangan matra laut TA 2023 sebanyak 500 orang, Terpenuhinua alokasi komponen cadangan matra udara TA 2023 sebanyak 500 orang, Terpilihnya calon komponen cadangan matra darat TA 2023 yang memenuhi persyaratan administrasi dan kompetensi, Terpilihnya calon komponen cadangan matra laut TA 2023 yang memenuhi persyaratan administrasi dan kompetensi, Terpilihnya calon komponen cadangan matra udara TA 2023 yang memenuhi persyaratan administrasi dan kompetensi
Apakah perbedaan TNI dan Komponen Cadangan?;"Sistem pertahanan negara dalam menghadapi ancaman militer menempatkan Tentara Nasional Indonesia sebagai ""Komponen Utama"" dengan didukung oleh ""Komponen Cadangan"" dan ""Komponen Pendukung"". Berbeda dengan TNI yang merupakan angkatan bersenjata negara Indonesia yang berperan sebagai alat negara di bidang pertahanan, Komponen Cadangan merupakan komponen pertahanan dalam sistem pertahanan rakyat semesta yang dianut Republik Indonesia yang berfungsi untuk memperkuat Komponen Utama pertahanan yakni TNI. Proses rekruItmen Komponen Cadangan dibuka secara sukarela dan memiliki syarat-syarat tertentu untuk dipenuhi oleh peserta program tersebut."
Apakah negara lain juga memiliki Komponen Cadangan? ;Sebagian negara memiliki Komponen Cadangan sebagai bagian sistem pertahanan negara. Secara umum fungsi Komponen Cadangan adalah fungsi mobilisasi dan fungsi demobilisasi. Pola pengangkatannya melalui kewajiban bagi mereka yang memenuhi syarat kesehatan dan syarat-syarat lainnya, dan melalui pendaftaran secara sukarela.
Kapan pendaftaran Komponen Cadangan?;Anda dapat melihat jadwal pendaftaran seleksi Komponen Cadangan pada website resmi Komponen Cadangan Kementerian Pertahanan RI, atau aplikasi mobile pendaftaran Komponen Cadangan Kementerian Pertahanan RI.
Dimana Pendaftaran Komponen Cadangan;Anda dapat melakukan pendaftaran Komponen Cadangan pada website resmi pendaftaran Komponen Cadangan Kementerian Pertahanan RI pada link (komcad.kemhan.go.id), atau aplikasi mobile pendaftaran Komponen Cadangan Kementerian Pertahanan RI yang dapat diunduh melalui Playstore atau Appstore.
Bagaimana tahapan menjadi Komponen Cadangan?;Pelatihan dasar kemiliteran, Penetapan komponen cadangan, Pengabdian.
Apa syarat menjadi Komponen Cadangan?;"Syarat menjadi anggota Komponen Cadangan : Beriman dan bertakwa kepada Tuhan Yang Maha Esa; Setia pada Negara Kesatuan Republik Indonesia yang berdasarkan Pancasila dan Undang-Undang Dasar Negara Republik Indonesia Tahun 1945; Usia 18 tahun - 35 tahun; Sehat jasmani dan rohani; dan Tidak memiliki catatan kriminalitas yang dikeluarkan secara tertulis oleh Kepolisian Negara Republik Indonesia."
Apa saja dasar seleksi penerimaan Komponen cadangan?;UUD Negara Republik Indonesia 1945: Pasal 27 ayat (3) setiap warga negara berhak dan wajib ikut serta dalam upaya pembelaan negara, Pasal 30 ayat (1) tiap-tiap warga negara berhak dan wajib ikut serta dalam usaha pertahanan dan keamanan negara, UU No. 3 Tahun 2003 Tentang Pertahanan Negara: Pasal 9 Ayat 1: (Setiap warga negara berhak dan wajib ikut serta dalam upaya bela negara yang diwujudkan dalam penyelenggaraan pertahanan negara), UU No. 23 Tahun 2019 Tentang PSDN Untuk Pertahanan Negara, Pasal 31 komcad dikelompokkan menjadi komcad matra darat, laut & udara, Pasal 32 tahapan pembentukan komcad terdiri dari pendaftaran, seleksi,latsarmil & penetapan, Pasal 33 persyaratan untuk menjadi calon komcad, Pasal 34 seleksi pembentukan komcad, Peraturan Pemerintah No. 3 Tahun 2021: Tentang peraturan pelaksanaan uu no 23 tahun 2019 bab V pembentukan, penetapan dan pembinaan komcad.
Apa saja materi yang diberikan dalam pendidikan atau pelatihan Komcad?;"Program pendidikan pelatihan dasar kemiliteran Komcad dilaksanakan selama 3 bulan (600 jam pelajaran). Adapun tempat pelaksanaan pendidikan adalah Lembaga Pendidikan TNI Angkatan Darat, TNI Angkatan Laut, dan TNI Angkatan Udara. Sesuai Permenhan nomor 4 tahun 2021 tentang Kurikulum Pelatihan Dasar Kemiliteran Komcad, sasaran yang ingin dicapai adalah: a) Bidang Sikap dan Perilaku: Terwujudnya sikap dan perilaku Siswa yang bermental tangguh dengan meningkatkan iman dan takwa, nasionalisme dan militansi serta terpeliharanya kepribadian sebagai Komcad. b) Bidang Pengetahuan dan Keterampilan: 1) Bidang Pengetahuan: Memiliki pengetahuan Pembinaan Mental Rohani; Memiliki pengetahuan Pembinaan Mental Ideologi; Memiliki pengetahuan Sejarah; Memiliki pengetahuan Kepemimpinan; Memiliki pengetahuan Hukum; Memiliki pengetahuan Adminstrasi; Memiliki pengetahuan Teknik Militer; Memiliki pengetahuan Taktik Militer. 2) Bidang Keterampilan: Memiliki keterampilan Permildas; Memiliki keterampilan Teknik Militer; Memiliki keterampilan Taktik Militer. c)  Bidang Jasmani: Terwujudnya kondisi jasmani yang samapta dalam rangka mendukung pelaksanaan tugas sebagai Komcad."
Apa saja hak dan kewajiban anggota Komponen Cadangan?;"Sesuai UU No 23 tahun 2019 tentang Pengelolaan Sumber Daya Nasional untuk Pertahanan Negara, anggota Komcad memiliki sejumlah hak dan kewajiban. Dalam pasal 41 disebutkan anggota Komcad memiliki kewajiban: a.   setia dan taat pada Pancasila, Undang-Undang Dasar Negara Republik Indonesia Tahun  1945, dan Negara Kesatuan Republik Indonesia; menjaga persatuan dan kesatuan bangsa; menaati ketentuan peraturan perundang-undangan; melaksanakan tugas dengan penuh pengabdian, kejujuran, kesadaran, dan tanggung jawab; menunjukkan integritas dan keteladanan dalam sikap, perilaku, ucapan, dan tindakan kepada setiap orang; mengikuti pelatihan penyegaran; dan  memenuhi panggilan Mobilisasi. Dalam pasal 42 disebutkan anggota Komcad memiliki hak: uang saku selama menjalani pelatihan;  tunjangan operasi pada saat Mobilisasi; rawatan kesehatan; pelindungan jaminan kecelakaan kerja dan jaminan kematian;penghargaan."
Apakah komponen cadagan merupakan status pengawai tetap?;Tidak, Komponen Cadangan yang berasal dari unsur ASN dan pekerja/buruh selama menjalani masa aktif tetap mendapat hak ketenagakerjaannya dan tak kehilangan pekerjaan di instansi asal. Begitu juga Komponen Cadangan yang berstatus mahasiswa selama menjalin masa aktif tetap memperoleh hak akademisnya dan tak kehilangan status sebagai peserta didik.
Apa yang membedakan Komponen Cadangan dan wajib militer?;Keduanya jelas berbeda. Komponen Cadangan bersifat sukarela. Tidak ada paksaan. Selain itu, setelah dilatih dan ditetapkan mereka kembali ke masyarakat sesuai profesi masing – masing dengan status sebagai orang sipil. Berbeda dengan wajib militer. Mereka yang dipanggil dalam program wajib militer setelah dididik dan dilatih mendapat penugasan sebagai anggota militer dalam kurun waktu tertentu, misalnya setahun atau dua tahun. Mereka berstatus sebagai anggota militer aktif selama masa dinas wajib militer tersebut. Setelah itu, mereka bisa memilih untuk kembali kepada profesi masing – masing sebagai warga sipil atau melanjutkan berdinas di militer.
Bagaimana mencegah agar Komponen Cadangan tidak digunakan untuk kepentingan selain pertahanan?;Komponen Cadangan sesuai UU No. 23 Tahun 2019 dikerahkan pada saat mobilisasi bila negara dalam keadaan darurat militer / keadaan perang yang ditimbulkan oleh ancaman, seperti invasi dari negara lain dan atas perintah Presiden dengan persetujuan DPR. Ketentuan mobilisasi yang diatur pada Pasal 29  UU tersebut yang secara tegas menjelaskan pengerahan atau mobilisasi hanya untuk memperkuat komponen utama menghadapi ancaman militer dan hibrida yang membutuhkan kehadiran militer di garis depan. Ini sudah diatur dalam UU TNI terkait tugas pokok TNI dalam Operasi militer untuk perang dan operasi militer selain perang.
Pada situasi dan kondisi apakah komponen cadangan diperlukan oleh negara Indonesia?;Komponen cadangan dikerahkan bila negara dalam keadaan darurat militer atau keadaan perang, dimobilisasi oleh Presiden dengan persetujuan DPR yang komando dan kendalinya berada di Panglima TNI
Apakah Deddy Corbuzier anggota Komcad?;Kementerian Pertahanan dalam hal ini Direktorat Jenderal Potensi Pertahanan selaku institusi yang menyelenggarakan pembentukan dan pembinaan Komcad dengan menugaskan Letnan Kolonel Tituler Deddy Corbuzier sebagai Duta Komcad yang dianugrahi pangkat Letnan Kolonel Tituler oleh Pemerintah dengan tanggung jawab sesuai ketentuan.
Apakah komponen cadangan wajib?;Rancangan Undang-Undang Komponen Tentara Cadangan sedang digodok. Dalam rancangan itu, hampir setiap warga negara wajib menjadi komponen tentara cadangan. Dalam pasal 8 dan 9 disebut Pegawai Negeri Sipil dan warga negara yang sudah berumur 18 tahun.
Apa fungsi dari Komcad?;Berbeda dengan TNI yang merupakan angkatan bersenjata negara Indonesia yang berperan sebagai alat negara di bidang pertahanan, Komcad berfungsi untuk memperkuat Komponen Utama
Apa pangkat tertinggi Komcad?;"Selama memahami ketika Menteri Pertahanan Prabowo Subianto memberikan penghargaan kepada Deddy sebagai duta Komponen Cadangan (Komcad) pada Oktober 2021. Ia menambahkan, Komcad berbeda dengan pangkat tituler. “Pangkat tertinggi Komcad itu hanya kapten""."
Apa dasar hukum dibentuknya komponen cadangan?;Komponen Cadangan (Komcad) bukan wajib militer. Komponen Cadangan adalah salah satu program sukarela (tidak wajib) yang diamanatkan oleh UU No. 23 Tahun 2019 Tentang Pengelolaan Sumber Daya Nasional untuk Pertahanan Negara.
Apa tugas Komponen Cadangan TNI?;"Mengikuti pelatihan penyegaran; dan Memenuhi panggilan Mobilisasi."
Apa saja rangkaian kegiatan dalam penerimaan Komcad TA 2023?;Pendaftaran Online Maupun Pendaftaran Fisik di Korem/lanal/lanud, Pendaftaran Secara Fisik dan Seleksi Administratif, Seleksi Kompetensi, Latsarmil atau Pelatihan Dasar Kemiliteran.
Pendidikan Komcad itu apa?;Komcad adalah program sukarela atau tidak wajib yang diamanatkan oleh UU Nomor 23 Tahun 2019. Setelah dilatih dan ditetapkan, mereka kembali ke masyarakat sesuai profesi masing–masing dengan status sebagai orang sipil
 Berapa minimum tinggi badan untuk menjadi Komcad?;Memiliki tinggi badan sekurang-kurangnya 165 cm untuk pria dan 160 cm untuk wanita serta memiliki berat badan seimbang menurut ketentuan yang berlaku
Dimana bentuk keiikutsertaan warga negara dalam usaha pertahanan negara?;Komcad TNI, Ini merupakan wadah dan bentuk keikutsertaan warga negara, seluruh sumber daya alam, sumber daya buatan serta sarana dan prasarana nasional dalam usaha pertahanan negara.
Komcad Itu Untuk Apa?;Komcad merupakan elemen penting sebagai strategi antisipatif agar segenap bangsa siap menghadapi ancaman dan gangguan. Tak hanya itu, Komcad juga berguna untuk menjaga keutuhan wilayah, serta melindungi keselamatan bangsa, Selain itu, Komcad juga menjadi upaya dalam memperkuat rasa nasionalisme bagi masyarakat. Sebab, sistem pertahanan jadi kebutuhan mendasar bagi sebuah negara untuk menegakkan kedaulatan. Salah satu perwujudannya adalah penguatan tambahan melalui Komcad yang berasal dari rakyat.
Berapa lama pendidikan TNI Komcad?;Apa saja materi yang diberikan dalam pendidikan atau pelatihan Komcad? Program pendidikan pelatihan dasar kemiliteran Komcad dilaksanakan selama 3 bulan (600 jam pelajaran).
Kenapa Komcad dibentuk?;Pembentukan Komcad merupakan amanat Undang-Undang Dasar (UUD) 1945 pasal 27 yang mengamanatkan setiap warga negara berhak dan wajib ikut serta dalam upaya pembelaan negara dan pasal 30 yang menyatakan bahwa tiap-tiap warga negara berhak dan wajib ikut serta dalam usaha pertahanan dan keamanan negara.
Apakah Komponen Cadangan merupakan status pegawai tetap?;Tidak, Komponen Cadangan yang berasal dari unsur ASN dan pekerja/buruh selama menjalani masa aktif tetap mendapat hak ketenagakerjaannya dan tak kehilangan pekerjaan di instansi asal. Begitu juga Komponen Cadangan yang berstatus mahasiswa selama menjalin masa aktif tetap memperoleh hak akademisnya dan tak kehilangan status sebagai peserta didik.
Dari 25.000 target rekrutan Komcad, saat ini sudah ada 3000an, kapan sisa targetnya akan dipenuhi?;Pada awalnya Pemerintah memang berencana membentuk 100 batalion Komcad. Namun rencana tersebut mengalami perubahan mengingat kondisi keuangan negara akibat dampak pandemi Covid-19. Pada tahun 2022, direncanakan akan dilakukan rekrutmen anggota Komcad yang terdiri dari matra darat, matra laut dan matra udara sesuai kebutuhan masing – masing matra serta sesuai kemampuan keuangan negara.
Sebelum penetepan anggota Komcad, apa saja materi latihan yang diberikan?;Sebelum penetapan, para anggota Komcad mengikuti sejumlah materi latihan meliputi, mengesan jejak yang bertujuan menganalisa jejak kecurigaan pergerakan musuh, serangan munisi tajam untuk melatih kemampuan tempur saat kontak dengan musuh dan survival untuk bertahan hidup dengan memanfaatkan alam sekitar, seperti tumbuhan dan hewan yang aman dikonsumsi. Kemudian diajarkan pula materi bunlog, yang merupakan teknik menyembunyikan logistik agar tidak diketahui musuh, dan tradisi untuk menumbuhkan jiwa korsa serta renungan suci sebagai renungan janji ikhlas untuk tetap setia menjaga NKRI.
Siapa yang membuat Komcad?;UU PSDN merupakan legalitas bagi pemerintah dalam memberdayakan seluruh komponen bangsa untuk berperan aktif dalam mendukung penyelenggaraan sistem pertahanan semesta. Dalam upaya menciptakan pertahanan negara yang Tangguh, pemerintah melalui Kementerian Pertahanan telah membentuk Komcad
Deddy Corbuzier TNI sebagai apa?;Sesuai peraturan yang ada, pengangkatannya menjadi Letnan Kolonel Tituler TNI AD yang diberikan langsung oleh Menteri Pertahanan Prabowo Subianto, maka Deddy berhak mendapatkan haknya, berupa gaji hingga tunjangan honorarium
Komcad dibawah apa?;Pengunaan Komcad dalam suatu operasi militer wajib melalui keputusan politik pemerintah, yaitu Presiden dengan persetujuan DPR. Komcad tidak berdiri sendiri, tetapi bergabung dengan Komponen Utama yang komando dan kendalinya berada dibawah Panglima TNI sehingga tidak ada anggota Komcad yang melakukan kegiatan mandiri.
Apakah tentara tituler dapat gaji?;"Kepada mereka yang memperoleh pangkat militer tituler berdasarkan peraturan ini, dapat diberikan tunjangan honorarium menurut ketentuan peraturan menteri, kecuali jika pemerintah menetapkan lain,"""
Siapa saja yang termasuk dalam komponen cadangan?;Uang Saku. Tunjangan Operasi. Rawatan Kesehatan. Jaminan Keselamatan Kerja. Penghargaan.
Apa itu pangkat Peltu?;Pembantu Letnan Satu (Peltu) Pembantu Letnan Dua (Pelda) Sersan Mayor (Serma) Sersan Kepala (Serka)
Berapa Gaji TNI paling tinggi?;Berdasarkan Peraturan Presiden Nomor 102 Tahun 2018, tunjangan kinerja TNI untuk jabatan tertinggi mencapai Rp37.810.500, sedangkan untuk jabatan terendah Rp1.968.000. Anggota TNI juga berhak menerima tunjangan lain, meliputi: Tunjangan suami atau istri: 10% dari gaji pokok
Apa tujuan dibentuknya Komcad?;Komponen Cadangan dibentuk dengan tujuan untuk memperbesar dan memperkuat kekuatan dan kemampuan TNI sebagai Komponen Utama, dalam upaya penyelenggaraan Pertahanan Negara untuk menjaga dan melindungi kedaulatan negara, keutuhan wilayah NKRI dan keselamatan segenap bangsa dari segala ancaman yang dilaksanakan berdasarkan kebijakan Presiden.
Gelar tituler itu apa?;Letkol Tituler sendiri merupakan pangkat atau gelar kehormatan militer yang diperoleh tanpa menjalankan tugas jabatan yang tersebut pada gelarnya. Pangkat ini adalah salah satu pangkat TNI khusus yang kepada warga negara Indonesia yang bukan berasal dari kalangan militer.
Apakah wajib militer di bayar?;Kepada militer wajib dapat diberikan kenaikan uang saku berkala, kenaikan uang saku istimewa atau hadiah menurut syarat-syarat yang berlaku untuk militer sukarela.
Apa moto dari Komcad?;"""Komponen Cadangan Terlatih, Teruji dan Terpercaya"""
Tipe unit apa Komcad?;Pasukan cadangan militer
TNI garis 3 pangkat apa?;Terdapat tiga pembagian pangkat pada Perwira Pertama di TNI AD, TNI AL, dan TNI AU, yaitu : Kapten dengan 3 garis emas, Letnan Satu dengan 2 garis emas, dan Letnan Dua dengan 1 garis emas
Apa yang dimaksud dengan pasukan cadangan?;Pasukan cadangan militer adalah organisasi militer yang terdiri dari warga negara yang menggabungkan peran militer dengan pekerjaan sipil. Mereka biasanya tidak selalu berseragam formal dan tugas utama mereka adalah harus siap untuk berperang ketika militer mereka membutuhkan tenaga tambahan.
Apa perbedaan anggota TNI dan Komcad?;"Sistem pertahanan negara dalam menghadapi ancaman militer menempatkan Tentara Nasional Indonesia sebagai ""Komponen Utama"" dengan didukung oleh ""Komponen Cadangan"" dan ""Komponen Pendukung"". Berbeda dengan TNI yang merupakan angkatan bersenjata negara Indonesia yang berperan sebagai alat negara di bidang pertahanan, Komponen Cadangan merupakan komponen pertahanan dalam sistem pertahanan rakyat semesta yang dianut Republik Indonesia yang berfungsi untuk memperkuat Komponen Utama pertahanan yakni TNI. Proses rekruItmen Komponen Cadangan dibuka secara sukarela dan memiliki syarat-syarat tertentu untuk dipenuhi oleh peserta program tersebut."
Komcad 2023 kapan dibuka?;pendaftaran dibuka mulai 2 Januari hingga 14 April 2023. Berikut jadwal lengkap dan syarat pendaftaran Komcad 2023
Berapa Lama wajib militer di Indonesia?;"Masa-kerja dinas wajib-militer adalah jumlah rangkaian masa dinas wajib-militer tersebut dalam ayat 3. Pasal 29. (1) Pendidikan dan latihan pertama berlangsung: a. paling lama 12 bulan untuk Prajurit wajib-militer; b. paling lama 18 bulan untuk Bintara wajib-militer; c. paling lama 24 bulan untuk Perwira-Cadangan."
Apa syarat naik pangkat TNI?;Telah menduduki jabatan penuh dalam jabatan berdasarkan keputusan dari pejabat yang berwenang. Memenuhi norma atas waktu kenaikan pangkat. Kenaikan pangkat berdasarkan MDP (Masa Dinas Prajurit)
Berapa banyak bagian Komcad?;Komcad sendiri terdiri dari tiga bagian. Pertama, Komponen Cadangan Matra Darat. Kedua, Komponen Cadangan Matra Laut. Ketiga, Komponen Cadangan Matra Udara.
Apakah Komcad dapat gaji bulanan?;PNS Daftar Komcad Dapat Uang Saku & Gaji, Besarannya! Menjadi Komcad, maka anggota menerima sejumlah benefit, antara lain uang saku, tunjangan operasi, rawatan kesehatan, jaminan keselamatan kerja, hingga penghargaan
Baret Hitam itu apa?;Baret hitam dimiliki oleh pasukan Kavaleri dengan lambang berupa Pusat Kesenjataan Kavaleri (Pusenkav) yaitu Tri Daya Cakti, dengan emblem latar belakang pedang dan tombak yang bersilang, ditambah tapal kuda di atasnya. Baret hitam juga dikenakan oleh Korps Kapal Selam dengan lambang Hiu Kencana.
Baret Raider warna apa?;Baret Hijau (Kostrad, Raider, Pusennif, Ditziad, Hubat, Bekang, Penerbad). Baret hijau adalah baret yang dipakai di lingkungan Markas Besar TNI AD, Markas Kodam, serta satuan teritorial Kodim dan Koramil
Apa pangkat TNI terendah?;Urutan Pangkat TNI Angkatan Darat (AD) terdiri dari golongan pangkat tertinggi yakni perwira yang dipimpin oleh Jenderal TNI sampai golongan pangkat terendah yakni tamtama yang dikepalai oleh Kopral Kepala (KOPKA)
Apa beda baret merah dan hijau?;Satuan tempur terbesar Angkatan Darat yaitu Kostrad (Komando Cadangan Strategi Angkatan Darat) juga menggunakan baret berwarna hijau. Baret TNI yang cukup dikenal luas adalah baret merah yang dikenakan Komando Pasukan Khusus (Kopassus).
Letkol setara apa?;Letnan Kolonel (Letkol) adalah pangkat perwira menengah dalam kemiliteran di Indonesia, setara dengan Ajun Komisaris Besar Polisi dalam Kepolisian Republik Indonesia/Polri. Pangkat ini ditandai dengan pemakaian dua melati emas di bahu.
Apa pentingnya Komcad?;Komcad juga menjadi upaya dalam memperkuat rasa nasionalisme bagi masyarakat. Sebab, sistem pertahanan jadi kebutuhan mendasar bagi sebuah negara untuk menegakkan kedaulatan. Salah satu perwujudannya adalah penguatan tambahan melalui Komcad yang berasal dari rakyat
Baret Coklat itu apa?;Baret ini digunakan oleh satuan Armed (Artileri Medan). Lambangnya berupa gambar dua buah meriam saling berhadapan dan dua amunisi arteleri dengan posisi tegak di bagian tengah. Baret cokelat juga dikenakan Arhanud (Artileri Pertahanan Udara).
Kapan di bentuk Komcad?;Dengan mengucap bismillahirrahmanirrahim, pada hari ini Jumat Tanggal 11 Agustus 2023, Pukul 09.01 WIB, Komponen Cadangan yang dibentuk pada tahun 2023 secara resmi saya nyatakan ditetapkan,” kata Menhan Prabowo saat menetapkan secara resmi Penetapan Komcad 2023
Apa jabatan Deddy Corbuzier di TNI?;Diberitakan, Deddy menerima pangkat militer Letnan Kolonel Tituler TNI AD dari Prabowo Subianto.
Apa saja yang termasuk Komponen Cadangan?;Dalam Pasal 28 UU PSDN disebutkan, Komponen Cadangan terdiri dari warga negara, sumber daya alam, sumber daya buatan, serta sarana dan prasarana nasional.
Apakah wanita bisa menjadi Komcad?;Sedang, untuk tahun lalu, terdapat 15 peserta perempuan Komcad Matra AU. Agung menyebut untuk perempuan bisa mendaftar di Matra AD maupun AL. Namun, di rayon lain. Dari tiga Matra tersebut, ada sebanyak 2.500 peserta Komcad tahun ini.
Berapa gaji Deddy Corbuzier jadi TNI?;Sementara tunjangan jabatan yang didapat Deddy menyesuaikan jabatan struktural TNI dari Rp360 ribu sampai Rp 5,5 juta per bulan.
Baret hijau satuan apa?;Kemudian yang juga menggenakan baret hijau adalah Perbekalan dan Angkutan (Bekang). Baret ini digunakan satuan kecabangan Perbekalan dan Angkutan. Mulai dari tingkat Direktorat Perbekalan dan Angkutan Darat hingga Badan Pelaksana Perbekalan dan Angkutan
Pasukan elit TNI apa saja?;Pasukan elit TNI sendiri terdiri darit Komando Pasukan Khusus (Kopassus) TNI AD, Dentasemen Jala Mangkara (Denjaka) TNI AL, dan Komando Pasukan Gerak Cepat (Kopasgat) TNI AU
;
Apakah pembentukan Komponen Cadangan akan menjadi beban baru bagi anggaran sektor pertahanan yang saat ini jumlahnya masih terbatas?;Pembentukan Komcad tidak menjadi beban baru bagi anggaran sektor pertahanan. Justru di tengah keterbatasan anggaran, keberadaan Komcad ini dapat meringankan beban Pemerintah dalam membangun sistem pertahanan negara. Komcad memungkinkan memperbesar dan memperkuat Komponen Utama (TNI) secara efisien tanpa harus memperbesar kekuatan TNI yang membutuhkan anggaran jauh lebih besar. Praktik semacam ini juga dilakukan oleh negara – negara yang memiliki anggaran serta kekuatan militer yang besar seperti AS, China, Rusia, dan India.
Penetapan Komponen Cadangan berupa sumber daya alam dan sumber daya buatan serat sarana dan prasarana nasional mengabaikan prinsip kesukarelaan. Benarkah?;Komponen pendukung dan komponen cadangan merupakan bagian dari hak dan kewajiban masyarakat terlibat dalam pertahanan negara, yang diatur secara teknis dalam UU Nomor 23 tahun 2019. Tidak satupun pasal yang menjelaskan secara eksplisit terkait potensi pengambilalihan sumber daya alam, sumber daya buatan dan sarana dan prasarana lain milik warga negara secara sewenang-wenang oleh negara. Sebaliknya, UU ini mengatur alasan, waktu dan batasan pengerahan dan pemanfaatan komponen pendukung dan komponen cadangan, yang tidak dapat ditafsirkan di luar yang dimaksud UU ini.
Komponen Cadangan ini di bawah perintah langsung Presiden dengan persetujuan DPR. Dalam jangka pendek dan jangka panjang, kondisi seperti apa yang memungkinakn mobilisasi dan penggunaan Komcad?;Pengerahan Komcad dimanfaatkan sesuai strategi Panglima TNI untuk memperbesar dan memperkuat komponen utama dalam keadaan perang/darurat perang setelah Presiden menyatakan mobilisasi dan disetujui oleh DPR RI. Mobilisasi merupakan tindakan pengerahan dan penggunaan secara serentak Sumber Daya Nasional yang telah dibina dan dipersiapkan sebagai komponen kekuatan Pertahanan Negara untuk dipergunakan secara tepat, terpadu, dan terarah bagi penanggulangan ancaman militer atau keadaan perang yang membahayakan wilayah dan kedaulatan NKRI. Mobilisasi dapat dikenakan kepada seluruh komponen Pertahanan Negara sesuai dengan kebutuhan strategi Pertahanan Negara.  Dalam hal ancaman militer yang membahayakan wilayah dan kedaulatan NKRI sudah dapat diatasi, Presiden dapat menyatakan demobilisasi. Demobilisasi merupakan tindakan penghentian pengerahan dan penghentian penggunaan Sumber Daya Nasional yang berlaku untuk seluruh wilayah negara yang diselenggarakan secara bertahap guna memulihkan fungsi dan tugas setiap unsur seperti sebelum berlakunya Mobilisasi. Mobilisasi dan Demobilisasi dinyatakan oleh Presiden dengan persetujuan DPR RI.
Apakah kekuatan TNI dan Polri kita saat ini masih kurang sehingga dibutuhkan Komponen Cadangan ?;Penyelenggaraan Pertahanan Negara berpedoman pada sistem pertahanan dan keamanan rakyat semesta (Sishankamrata) dengan melibatkan seluruh warga negara, wilayah, dan sumber daya nasional lainnya. Pemerintah mengemban amanat untuk mempersiapkan Sishankamrata dipersiapkan secara dini dan diselenggarakan secara total, terpadu, terarah, dan berlanjut untuk menegakkan kedaulatan negara, keutuhan wilayah, dan keselamatan segenap bangsa dari segala ancaman dengan memperhatikan aspek perkembangan lingkungan strategis.
Apakah Komcad ada kenaikan pangkat?;Namun, sebagai warga negara sipil, Komcad tidak berpangkat. Sesuai PP No 3 Tahun 2021 Pasal 58 Komponen Cadangan yang telah dilantik akan diberikan pangkat mengacu pada penggolongan pangkat Tentara Nasional Indonesia. Pangkat tersebut digunakan ketika anggota Komponen Cadangan berada pada masa aktif.
Siapa komandan Komcad 2023?;Komponen Cadangan (Komcad) bukan wajib militer. Komponen Cadangan adalah salah satu program sukarela (tidak wajib) yang diamanatkan oleh UU No. 23 Tahun 2019 Tentang Pengelolaan Sumber Daya Nasional untuk Pertahanan Negara. Penetapan Komcad Tahun 2023 dipimpin oleh Menteri Pertahanan (Menhan) Prabowo Subianto.
Bintang 5 TNI disebut apa?;Dalam dunia militer Indonesia, pangkat jenderal besar ,laksamana besar, dan marsekal besar merupakan pangkat tertinggi yang dapat diraih. Namun, pangkat yang sering disebut jenderal bintang lima ini hanya dapat diberikan pada sosok yang dinilai berjasa sangat besa
Letkol termasuk golongan berapa?;Golongan IV Perwira Menengah
Apa yang dimaksud Raider TNI?;Batalyon Raider adalah kualifikasi prajurit Tentara Nasional Indonesia (TNI) yang dilatih untuk menguasai 3 kemampuan. Kemampuan tersebut adalah: Kemampuan sebagai pasukan anti-teroris untuk pertempuran jarak dekat.
Apa tugas Komponen Cadangan TNI?;"Mengikuti pelatihan penyegaran; dan Memenuhi panggilan Mobilisas"
Apakah Komcad wajib militer?;Kementerian Pertahanan (Kemhan) menjelaskan Komcad bukan lah wajib militer. Komcad merupakan program sukarela yang diamanatkan oleh Undang-Undang Nomor 23 Tahun 2019 tentang Pengelolaan Sumber Daya Nasional untuk Pertahanan Negara.
Kewajiban menjadi Komcad?;Anggota Komcad harus selalu siapa jika ada panggilan negara.
Apa yang dimaksud dengan pasukan cadangan?;Pasukan cadangan militer adalah organisasi militer yang terdiri dari warga negara yang menggabungkan peran militer dengan pekerjaan sipil. Mereka biasanya tidak selalu berseragam formal dan tugas utama mereka adalah harus siap untuk berperang ketika militer mereka membutuhkan tenaga tambahan.
Syarat pelamat Komcad;Warga Negara Indonesia (WNI), Berimam dan Bertakwa kepada Tuhan Yang Maha Esa, Setia pada NKRI yang berdasarkan Pancasila dan UUD 1945, Berusia minimal 18 tahun dan maksimal 35 tahun pada saat pembukaan pendidikan militer, sehat jasmani dan rohani, SKCK polisi, pendidikan paling rendah adalah SMP atau sederajat.
Apa yang dimaksud dengan komponen cadangan?;Komponen cadangan adalah Sumber Daya Nasional yang telah disiapkan untuk dikerahkan melalui mobilisasi guna memperbesar dan memperkuat kekuatan dan kemampuan Komponen Utama.
Bintang 4 TNI apa namanya?;Jenderal adalah pangkat tertinggi yang dapat dicapai oleh seorang Perwira Tinggi karier di militer, pangkat ini satu tingkat di atas Letnan Jenderal dan berbintang empat. Tanda pangkat Jenderal di Indonesia, digunakan untuk jabatan Kepala Staf TNI Angkatan Darat, Wakil Panglima TNI atau Panglima TNI
Apakah Komponen Cadangan wajib?;Rancangan Undang-Undang Komponen Tentara Cadangan sedang digodok. Dalam rancangan itu, hampir setiap warga negara wajib menjadi komponen tentara cadangan. Dalam pasal 8 dan 9 disebut Pegawai Negeri Sipil dan warga negara yang sudah berumur 18 tahun
Pengelompokan Komcad?;Komcad matra darat, komcad matra laut, dari komcad matra udara.
Berapa jumlah Komcad di Indonesia?;Pada gelombang pertama di 2021 berjumlah 3.103 orang, gelombang kedua di 2022 berjumlah 2.974 orang dan di tahun 2023 sebanyak 2.497 orang. Maka sejak 2021 sampai dengan 2023, jumlah Komcad yang sudah ditetapkan sebanyak 8.574 orang.
Apakah Komcad boleh pegang senjata?;"Peserta tak diperkenankan menggunakan senjata itu di luar waktu latihan. ""Dan digunakan hanya untuk pelatihan saja,"""
Definisi Komcad?;Sumber daya yang disiapkan dimobiisasi guna memperbesar dan memperkuat kekuatan dan kemampuan komponen utama pertahanan
Proses Rekrutmen Komcad?;Pendaftaran, Seleksi administrasi, Pelatihan dasar
Apa nama himme lagu Komcad?;Mars Komponen Cadangan
Kapan Komcad dipanggil untuk masa aktif?;Komponen Cadangan dipanggil untuk masa aktif hanya ketika mobilisasi telah diumumkan oleh Presiden pada saat darurat nasional atau perang, dan panggilan untuk pelatihan penyegaran.
Apakah selama masa aktif, Komcad dianggap sebagai personel aktif?;Selama masa aktif, Komponen Cadangan harus dianggap sebagai personel cadangan aktif yang merupakan bagian dari Tentara Nasional Indonesia, dan dengan demikian tunduk pada hukum dan peraturan militer yang ditetapkan oleh hukum.
Bagaimana penyelenggaraan Komponen Cadangan dilakukan?;Penyelenggaraan dan keberadaan komponen cadangan pertahanan negara didasarkan peraturan perundang-undangan. Penyelenggaraan komponen cadangan dilaksanakan melalui pola pembentukan, pembinaan, dan penggunaan yang dilakukan secara terpusat.
Siapa saja yang bisa ikut Komcad?;Sehat Jasmani dan Rohani -Berusia 18 - 35 Tahun -Setia kepada NKRI yang berdasarkan pancasila dan UUD Negara Republik Indonesia.
Kapan masa aktif Komcad berakhir?;Masa aktif Komponen Cadangan akan berakhir sampai mereka demobilisasi, atau menyelesaikan pelatihan penyegaran dan kembali tunduk pada hukum sipil.
Apakah Komcad wajib?;Untuk diketahui, Komcad bukan wajib militer karena pendaftarannya dibuka secara sukarela. Penggunaan Komcad hanya pada saat mobilisasi oleh Presiden dengan persetujuan DPR. Warga negara yang memenuhi syarat dilatih dasar kemiliteran dan diorganisir dengan status tetap sipil.
Apa yang dilakukan Komcad selama tidak aktif?;Selama Komponen Cadangan tidak aktif, Perlengkapan dan peralatan lapangan dan seragam mereka harus disimpan di kesatuan masing-masing, tidak diperbolehkan menyimpan senjata api mereka dan diharapkan dipanggil kembali untuk tugas aktif setiap saat.
Siapa yang melakukan rekrutmen Komcad?;Semua proses rekrutmen dilakukan oleh panitia daerah, dan diawasi oleh panitia pusat. Proses rekrutmen akan menyeleksi rekrutan berdasarkan kesehatan (jasmani dan mental) dan kebugaran fisik, serta berdasarkan penelitian personel (Litpers) dan administrasi. Para rekrutan juga diseleksi berdasarkan kompetensinya mengenai pengetahuan umum, psikotes, dan wawancara.
Persyaratan Komcad Matra Udara;Persyaratan: Pria, setia NKRI, Pancasila dan UUD 1945, USia 18-36 Tahun, pendidikan S1, SMA Sederajat, SMP, Sehat Jasmani, Mengikuti Seleksi (Kes, Jas, Litpers, Adm).
Apa saja kedudukan tiap-tiap satuan pendidikan?;Satuan Pendidikan Komcad Matra Darat di Rindam seluruh Indonesia, Satuan Pendidikan Komcad Matra Laut di Kodikmar, Kodiklatal Surabaya, Satuan Pendidikan Komcad Matra Udara di Wing Pendidikan 800/Kopasgat, Lanud Sulaiman, Bandung, Satuan Pendidikan Komcad Kadet Mahasiswa Universitas Pertahanan di Akmil, Magelang.
Apa yang terjadi setelah siswa berhasil menyelesaikan latihan dasar militer?;Siswa yang berhasil menyelesaikan latihan dasar militer, mereka kemudian akan dilantik sebagai anggota TNI KC. Mereka akan menerima pangkat militer, meskipun hanya berlaku selama masa aktif mereka (Masa aktif), dan juga akan menerima Nomor Induk Komponen cadangan (NIKC).
Ada berapa Komcad?;Komcad sendiri terbagi menjadi empat, yaitu Komcad sumber daya manusia (SDM), Komcad sumber daya alam, Komcad sumber daya buatan dan Komcad sarana dan prasarana.
Apa itu Komcad sumber daya manusia (SDM)?;Komcad aspek SDM adalah warga negara nirmiliter/sipil yang memenuhi syarat dilatih dasar kemiliteran dan diorganisir dengan status tetap sipil. Pada saat digunakan melalui mobilisasi baru berubah menjadi kombatan/milter.
Apa itu Komcad sumber daya alam?;Komponen cadangan adalah Sumber Daya Nasional yang telah disiapkan untuk dikerahkan melalui mobilisasi guna memperbesar dan memperkuat kekuatan dan kemampuan Komponen Utama.
Apa itu Komcad saran dan prasarana?;Komcad sarana dan prasarana merupakan salah satu wadah dan bentuk keikutsertaan Warga Negara serta Sarana dan Prasarana Nasional dalam usaha Pertahanan Negara.
Komcad itu TNI apa bukan?;Komponen Cadangan Tentara Nasional Indonesia, disingkat Komcad TNI adalah pasukan cadangan militer Indonesia, yang berkedudukan langsung di bawah Markas Besar Tentara Nasional Indonesia dan Kementerian Pertahanan Republik Indonesia
Komcad dibawah siapa?;Komcad tidak berdiri sendiri, tetapi bergabung dengan Komponen Utama yang komando dan kendalinya berada dibawah Panglima TNI sehingga tidak ada anggota Komcad yang melakukan kegiatan mandiri.
Apakah ada bekas operasi bisa masuk TNI?;Selama bekas luka tidak mengganggu maka diizinkan masuk TNI. Kalau bekas luka adalah jahitan panjang dekat kelopak mata sehingga agak / sedikit tertutup → dianggap berpotensi mengganggu peforma. Maka tidak bisa masuk. Bekas luka seperti bekas patah tulang sehingga sendi kaku juga dianggap menggangu.
Apa itu tentara aktif?;Jumlah pasukan militer yang aktif, mereka ini adalah tentara yang betul-betul aktif dan memang bekerja di kemiliteran. Jumlah pasukan cadangan, mereka hanya dibutuhkan ketika ada mobilisasi pasukan darurat
Hak menjadi Komcad?;Anggota Komcad memiliki sejumlah hak yang melekat pada dirinya, meliputi: Uang saku selama menjalani pelatihan, Tunjangan operasi pada saat mobilisasi, Perawatan kesehatan, Pelindungan jaminan kecelakaan kerja dan jaminan keahlian, Pengharagaan.
Komcad terbagi menjadi berapa?;Komcad sendiri terbagi menjadi empat, yaitu Komcad sumber daya manusia (SDM), Komcad sumber daya alam, Komcad sumber daya buatan dan Komcad sarana dan prasarana. Semuanya dipersiapkan untuk bisa dimanfaatkan ketika negara dalam kondisi darurat militer atau bencana alam. Mobilisasi Komcad hanya bisa dilakukan oleh Presiden atas persetujuan DPR RI untuk kepentingan pertahanan negara.
Pemilihan anggota komcad?;Komcad adalah program sukarela bagi warga negara Indonesia dalam mendukung usaha pertahanan negara. Untuk menjadi anggota, para calon komcad harus memenuhi persyaratan dan mengikuti seleksi pembentukan. Namun, Komcad tidak hanya terdiri dari warga negara yang telah terpilih. Mengacu pada UU Nomor 23 Tahun 2019, Komcad terdiri atas: warga negara, sumber daya alam, sumber daya buatan, dan sarana dan prasarana nasional.
Penggunaan Komcad untuk operasi militer adalah keputusan siapa?;Pengunaan Komcad dalam suatu operasi militer wajib melalui keputusan politik pemerintah, yaitu Presiden dengan persetujuan DPR.
Apakah Komcad berdiri sendiri?;Komcad tidak berdiri sendiri, tetapi bergabung dengan Komponen Utama yang komando dan kendalinya berada dibawah Panglima TNI sehingga tidak ada anggota Komcad yang melakukan kegiatan mandiri. Penggunaan Komcad adalah alternatif terakhir, apabila Komponen Utama perlu tambahan tenaga pengganti.
Apa dasar hukum pembentukan SDM Komcad?;UU PSDN yang menjadi dasar hukum pembentukan SDM Komcad mengamanatkan penerimaan Komcad dilakukan atas dasar sukarela tanpa ada paksaan.
Apakah UU PSDN memaksa warga negara untuk ikut Komcad?;UU PSDN juga tidak mengabaikan prinsip conscientious objection (hak menolak warga atas dasar keyakinannya), karena konteks pada Pasal 18, 66, 77, 78, dan 79 diterapkan pada mereka yang telah mengikuti/terikat pada status sebagai Komcad, yang pada dasarnya bersifat sukarela dan tidak dipaksa.
Apa yang di maksud pengerahan Komcad?;Secara umum, tugas Komcad adalah memperkuat kekuatan dan kemampuan komponen utama dalam menghadapi ancaman militer dan ancaman hibrida. Pengerahan Komcad dilakukan berdasarkan komando Panglima TNI untuk memperbesar dan memperkuat komponen utama dalam keadaan perang atau darurat perang. Sesuai dengan Peraturan Pemerintah Nomor 3 Tahun 2021 tentang Peraturan Pelaksanaan UU Nomor 23 Tahun 2019, perintah mobilisasi ini harus disampaikan setelah Presiden menyatakan mobilisasi dan disetujui oleh DPR.
Apakah Komcad membuat pemborosan SDM militer?;Keberadaan Komcad justru memungkinkan penghematan belanja SDM militer di masa damai agar prajurit dapat sejahtera dan Alutsista dapat dimodernisasi.
Kapan Komcad di gunakan?;Komcad adalah sumber daya nasional yang disiapkan untuk memperbesar dan memperkuat kekuatan dan kemampuan komponen utama pertahanan negara, yaitu Tentara Nasional Indonesia (TNI). Pembentukan Komcad diamanatkan oleh UU Nomor 23 Tahun 2019 tentang Pengelolaan Sumber Daya Nasional untuk Pertahanan Negara.
Pentingnya Komcad bagi Indonesia?;Komcad merupakan bentuk imlementasi dari doktrin pertahanan yang diwarisi oleh para pendiri bangsa, yakni Sistem Pertahanan Keamanan Rakyat Semesta (Sishankamrata). Ini merupakan sistem pertahanan yang dianut Indonesia dalam menjaga kedaulatan negara dari berbagai ancaman. Pembentukan Komcad sendiri diamanatkan oleh UU Nomor 23 Tahun 2019 tentang Pengelolaan Sumber Daya Nasional untuk Pertahanan Negara.
Kenapa Komcad dapat menghemat belanja SDM militer?;ini karena pada masa tidak aktif, Komcad kembali kepada profesi dan aktivitas mereka sebagai warga sipil sehingga negara tidak perlu mengeluarkan biaya rutin untuk kesejahteraan mereka. Negara hanya perlu mengeluarkan anggaran selama anggota Komcad mengikuti latihan dasar kemiliteran selama tiga bulan dan latihan penyegaran untuk memelihara keterampilan mereka.
Kenapa kita mempersiapkan kekuatan pertahanan?;Mempersiapkan kekuatan pertahanan adalah sebuah keniscayaan bagi bangsa yang menginginkan perdamaian, karena dengan pertahanan yang kuat maka akan menjadi efek gentar (deterrence effect) yang ampuh untuk menahan keinginan negara lain melakukan konfrontasi.
Anggaran untuk Komcad?;"Keberadaan Komcad diklaim dapat menghemat anggaran pertahanan negara. Di tengah keterbatasan anggaran, keberadaan Komcad justru disebut dapat meringankan beban pemerintah dalam membangun sistem pertahanan negara. Hal ini dikarenakan pada masa tidak aktif, Komcad kembali pada profesi dan aktivitas mereka sebagai warga sipil sehingga negara tidak perlu mengeluarkan biaya rutin untuk kesejahteraan mereka. Negara hanya perlu mengeluarkan anggaran selama anggota Komcad mengikuti latihan dasar kemiliteran selama tiga bulan dan latihan penyegaran untuk memelihara keterampilan mereka. Selain anggaran latihan, negara juga akan memberikan sejumlah hak kepada anggota Komcad, yakni uang saku selama pelatihan dan perawatan kesehatan, serta perlindungan jaminan kecelakaan kerja dan jaminan kematian saat mengikuti penyegaran.
"
Berapa jumlah Komcad Matra Laut?;Maka sejak 2021 sampai dengan 2023, jumlah Komcad yang sudah ditetapkan sebanyak 8.574 orang. Dari 2.497 orang di 2023 sendiri terdiri dari Komcad Matra Laut sebanyak 500 orang (450 pria dan 50 wanita), Matra Udara sebanyak 500 orang pria, dan Matra Darat sebanyak 1.497 orang.
Ada alasan mendasar dari pembentukan Komcad?;Alasan mendasar dari pembentukan Komcad adalah bahwa pertahanan merupakan upaya semesta dengan menggunakan potensi dan sumber daya nasional untuk tujuan pertahanan.
Doktrin pertahanan apa yang diwarisi oleh para pendiri bangsa?;Doktrin Pertahanan yang diwarisi oleh para pendiri bangsa adalah Pertahanan Rakyat Semesta.
Apa bentuk implementasi doktrin Pertahanan Rakyat Semesta?;Doktrin ini perlu diimplementasikan dan Komcad adalah salah satu implementasinya.
UU apa yang mengamanatkan Sumber Daya Nasional untuk pertahanan negara?;UU No. 23 Tahun 2019 Tentang Pengelolaan Sumber Daya Nasional untuk Pertahanan Negara.
Apakah ada potensi pengambilalihan sumber daya alam, sumber daya buatan dan sarana dan prasarana lain milik warga negara secara sewenang-wenang oleh negara?;dalam UU Nomor 23 tahun 2019 tidak satupun pasal yang menjelaskan secara eksplisit terkait potensi pengambilalihan sumber daya alam, sumber daya buatan dan sarana dan prasarana lain milik warga negara secara sewenang-wenang oleh negara.
Apakah Komcad ada Batalyon?;Menteri Pertahanan Prabowo Subianto mengungkapkan bahwa Komponen Cadangan (Komcad) TNI kini sudah terdiri dari 18 batalion yang siap diturunkan sewaktu-waktu dalam mempertahankan negara
Lalu UU No. 23 Tahun 2019 mengatur apa?;UU ini mengatur alasan, waktu dan batasan pengerahan dan pemanfaatan komponen pendukung dan komponen cadangan, yang tidak dapat ditafsirkan di luar yang dimaksud UU ini.
Apa tanggapan Kementerian Pertahanan?;"Kementerian Pertahanan (Kemhan) menyebut kekhawatiran penyalahgunaan Komcad dalam suatu operasi yang dapat menimbulkan konflik horizontal ""kurang relevan""."
Anggota Komcad wajib memperbarui data pribadi?;Setiap anggota Komcad wajib memperbarui data pribadi penting dalam Sisinfo Sumdahan apabila ada perubahan misalnya domisili, pekerjaan, status, atau informasi penting lainnya sehingga akan memudahkan untuk pengawasan.
Kenapa setelah satu tahun Latsarmil para anggota dipanggil kembali?;Satu tahun setelah Latihan Dasar Kemiliteran (Latsarmil) para anggota Komcad akan dipanggil Kembali untuk mengikuti pelatihan penyegaran, sekaligus sebagai monitoring dan update data.
Pengawasan secara berlanjut untuk apa?;Pengawasan yang secara berjenjang dan berlanjut tersebut merupakan bentuk upaya antisipasi untuk mencegah dampak negatif yang mungkin timbul.
Apa yang dimaksud dengan komponen pendukung?;Komponen Pendukung adalah Sumber Daya Nasional yang dapat digunakan untuk meningkatkan kekuatan dan kemampuan Komponen Utama dan Komponen Cadangan.
Kapan pendaftaran komcad matra laut 2023?;Seleksi pusat penerimaan Komponen Cadangan (Komcad) Matra Laut telah berlangsung sejak tanggal 25 April 2023 yang lalu, dan diagendakan berlangsung hingga tanggal 5 Mei 2023 mendatang.
Kapan pendidikan Komcad 2023?;Menteri Pertahanan Prabowo Subianto mewakili Presiden Joko Widodo, memimpin Upacara Penetapan 2.497 Komponen Cadangan (Komcad) Tahun 2023, di Pusdiklatpassus Kopassus, Batujajar, Bandung, Jawa Barat, Jumat (11/9).
Apa dasar hukum dibentuknya komponen cadangan?;Komponen Cadangan adalah salah satu program sukarela (tidak wajib) yang diamanatkan oleh
Komcad sampai umur berapa?;Syarat umur, batas minimum untuk menjadi KOMCAD adalah 18 tahun dan maksimal 35 tahun dengan masa pengabdian hingga 48 tahun.
Apa yang dimaksud dengan komponen pendukung?;Komponen Pendukung adalah Sumber Daya Nasional yang dapat digunakan untuk meningkatkan kekuatan dan kemampuan Komponen Utama dan Komponen Cadangan.
Tes Komcad dimana?;Pendidikan Komcad Angkatan Udara bakal dilaksanakan di Wingdik 800/PASGAT di Bandung, Jawa Barat
Apakah komcad adakah wajib militer?;Bukan. Komponen Cadangan (Komcad) bukan wajib militer. Komponen Cadangan adalah salah satu program sukarela (tidak wajib) yang diamanatkan oleh UU No. 23 Tahun 2019 Tentang Pengelolaan Sumber Daya Nasional untuk Pertahanan Negara
Lantas apasih sebenernya komcad?;Merujuk UU No. 23 Tahun 2019 tentang Pengelolaan Sumber Daya Nasional Untuk Pertahanan Negara Komponen Cadangan adalah sumber daya nasional yang telah disiapkan untuk dikerahkan melalui mobilisasi guna memperbesar dan memperkuat kekuatan komponen utama, yaitu TNI. Nah, Komcad sendiri terbagi menjadi empat, yaitu Komcad sumber daya manusia (SDM), Komcad sumber daya alam, Komcad sumber daya buatan dan Komcad sarana dan prasarana. Semuanya dipersiapkan untuk bisa dimanfaatkan ketika negara dalam kondisi darurat militer atau bencana alam. Mobilisasi Komcad hanya bisa dilakukan oleh Presiden atas persetujuan DPR RI untuk kepentingan pertahanan negara
Apa Urgensi Komcad?;Doktrin Pertahanan yang diwarisi oleh para pendiri bangsa adalah Pertahanan Rakyat Semesta. Doktrin ini perlu diimplementasikan dan Komcad adalah salah satu implementasinya. Selama ini, di atas kertas, Indonesia kita disebut memiliki Komcad, namun sejatinya belum dan diorganisir dengan baik dan benar. Nah, melalui amanat UU No.23 Tahun 2019, Pemerintah mulai mengorganisir dan mengimplementasikan doktrin pertahanan rakyat semesta tersebut dengan konkret.
Kenapa Tidak Memperkuat Alutsista dan Profesionalisme Prajurit TNI Saja?;Memperkuat dan melakukan modernisasi Alutsista dan profesionalisme prajurit TNI terus dilakukan oleh Kementerian Pertahanan dan TNI. Namun penyiapan Komcad untuk pertahanan adalah hal lain yang diamanatkan UU. Keduanya memiliki tujuan yang sama, yaitu memperbesar dan memperkuat kekuatan komponen utama yakni TNI. Komcad menjadi paket lengkap penguatan pertahanan negara bersamaan dengan upaya memperkuat alutsista, karena ketika ancaman perang berlarut datang atau bencana alam besar datang, Komponen Utama (TNI) sangat membutuhkan sokongan dari sumber daya manusia yang sudah terlatih dan terorganisir dengan baik.
Siapa saja yang bisa Mendaftar Komcad?;Setiap warga negara yang berusia 18-35 tahun, dengan latar belakang apa saja yang memenuhi persyaratan bisa secara sukarela mendaftar menjadi anggota Komcad. Namun, tentu setelah mendaftar harus lulus seleksi ketat yang dilaksanakan oleh TNI.
;
Anggota Komcad yang terlatih bisa menjadi preman dan ancaman untuk masyarakat umum?;Anggota Komcad ketika tidak dimobilisasi atau tidak dalam masa pelatihan terikat dengan aturan hukum positif yang berlaku untuk warga sipil. Kekhawatiran terkait hal tersebut bisa dimaklumi, namun Komcad sendiri sejak proses rekruitmen sudah melalui rangkaian tes yang ketat yang dilaksanakan oleh TNI, mulai dari tes psikologi, profiling dan lain – lain. Selain itu, ada penerapan sistem pengawasan yang ketat pula ketika mereka sudah menjadi anggota Komcad guna mecegah hal tersebut.
Ada Ancaman Militerisme dan Pelanggaran HAM pada pembentukan Komcad?;Komcad bukan upaya memaksa warga sipil agar berlaku militeristik karena tidak ada kewajiban bagi warga negara Indonesia untuk ikut Komcad. Dengan demikian, tidak ada pelanggaran HAM dalam pembentukannya. Bahkan, Komcad adalah implementasi nilai-nilai demokrasi itu sendiri, di mana warga negara bebas memilih jalan dan cara pengabdian dan partisipasinya dalam bela negara. Bisa lewat profesinya masing-masing, dan bisa juga dengan menjadi Komcad.
Komcad ini kok terkesan tiba-tiba?;Tidak. Perencanaan Komcad sudah diamanatkan oleh UU No. 23 Tahun 2019 yang sudah melalui proses perencanaan,Komcad bukan program bimsalabim. Komcad adalah amanat UU, serta amanat pendiri bangsaterkait dengan doktrin pertahanan rakyat semesta.
Apakah pembentukan UU Nomor 23 Tahun 2019 tentang Pengelolaan Sumber Daya Nasional (UU PSDN) dilakukan secara terburu-buru?;Dalam UU PSDN ini, negara menjalankan amanah UUD 1945 khususnya Pasal 30 yaitu memberikan hak dan kewajiban warga negara untuk ikut serta dalam usaha pertahanan negara. Usaha pertahanan negara tersebut dilaksanakan oleh TNI sebagai kekuatan utama dan rakyat sebagai kekuatan pendukung. Keikutsertaan rakyat sebagai kekuatan pendukung sendiri sesuai dengan Pasal 30 UUD 45 ayat 5, perlu diatur dengan UU. Maka lahirlah UU PSDN pada 2019. Dengan rakyat sebagai kekuatan pendukung inilah, maka rakyat diberikan hak untuk menjadi Komcad atau Komponen Pendukung dan berkewajiban bersama-sama dengan TNI sebagai kekuatan utama, mempertahanakan kedaulatan negara.
Apa beda baret merah dan hijau?;Satuan tempur terbesar Angkatan Darat yaitu Kostrad (Komando Cadangan Strategi Angkatan Darat) juga menggunakan baret berwarna hijau. Baret TNI yang cukup dikenal luas adalah baret merah yang dikenakan Komando Pasukan Khusus (Kopassus).
Apa bedanya baret biru dan merah?;Dijelaskan bahwa baret ungu digunakan oleh Korps Marinir. Sementara itu, baret merah maroon digunakan oleh Komando Pasukan Katak atau Kopaska. Berikutnya, baret biru digunakan oleh prajurit TNI AL yang berdinas di satuan lainnya atau di Kapal Republik Indonesia (KRI).
Jelaskan apa yang dimaksud dengan pertahanan negara?;Pertahanan negara adalah segala usaha untuk menegakkan kedaulatan negara, keutuhan wilayah Negara Kesatuan Republik Indonesia, dan keselamatan segenap bangsa. Usaha pertahanan negara tersebut dilakukan dengan mempertimbangkan adanya dinamika bentuk ancaman yang dihadapi
Apa saja bentuk pertahanan negara?;Pertahanan negara meliputi dua jenis pertahanan, yaitu pertahanan militer dan pertahanan nonmiliter.
Kenapa baret tentara miring ke kiri?;Arah miring baret yang digunakan personel TNI, Polri bahkan Pramuka sekalipun bahwa itu menandakan tugas yang dimilikinya. Baret yang dikenakan dengan miring ke kiri adalah baret dari pasukan yang bertugas sebagai pelindung keamanan dan penegakkan hukum di internal di kesatuan masing-masing.
Sistem pertahanan negara disiapkan untuk menghadapi ancaman apa?;Sistem pertahanan negara dalam menghadapi ancaman militer menempatkan Tentara Nasional Indonesia (TNI) sebagai komponen utama dengan didukung oleh komponen cadangan dan komponen pendukung.
opi tentara disebut apa?;Baret menjadi salah satu kebanggaan pasukan TNI, pasalnya baret tersebut tidak didapatkan dengan mudah. Tes-tes berat yang menguji mental serta fisik menanti calon-calon prajurit yang mengikuti seleksi.
Setiap anggota masyarakat yang tidak memenuhi panggilan untuk menjadi Komponen Cadangan terancam hukuman pidana, yang tentunya menyalahi prinsip conscientious objection (hak untuk menolak atas dasar keyakinannya) dalam Norma HAM Internasional, Jelaskan!;UU PSDN juga tidak mengabaikan prinsip conscientious objection (hak menolak warga atas dasar keyakinannya), karena konteks pada Pasal 18, 66, 77, 78, dan 79 diterapkan pada mereka yang telah mengikuti/terikat pada status sebagai Komcad, yang pada dasarnya bersifat sukarela dan tidak dipaksa. Artinya tidak ada prinsip yang dilanggar bagi mereka yang menyatakan kesukarelaan, berbeda dengan wajib militer. Hubungan kontraktual membawa konsekuensi kewajiban hukum bagi para pihak yang terlibat di dalamnya.
Apakah pembentukan Komponen Cadangan akan menjadi beban baru bagi anggaran sektor pertahanan yang saat ini jumlahnya masih terbatas?;Pembentukan Komcad tidak menjadi beban baru bagi anggaran sektor pertahanan. Justru di tengah keterbatasan anggaran, keberadaan Komcad ini dapat meringankan beban Pemerintah dalam membangun sistem pertahanan negara.
Baret ungu kesatuan apa?;Ciri khas Korps Marinir TNI Angkatan Laut (AL) adalah baret berwarna ungu
Apa saja tugas Kostrad?;Kostrad bertugas pokok membina kesiapan operasional atas segenap jajaran Komandonya dan menyelenggarakan Operasi Pertahanan Keamanan tingkat strategis sesuai dengan kebijaksanaan Panglima TNI.
Apa peran TNI dalam sistem pertahanan dan keamanan rakyat semesta?;Sebagai alat pertahanan TNI bertugas melaksanakan kebijakan pertahanan negara untuk menegakkan kedaulatan negara, mempertahankan keutuhan wilayah, dan melindungi keselamatan bangsa, menjalankan operasi militer untuk perang dan operasi militer selain perang, serta ikut secara aktif dalam tugas pemeliharaan perdamaian ...
Apakah Komcad bisa naik pangkat?;Apakah Komcad ada pangkat? Untuk kepangkatan Komcad akan hanya ada saat mereka bertugas sebagai Komcad. Namun, sebagai warga negara sipil, Komcad tidak berpangkat.
Bagaimana sifat pertahanan dan keamanan negara?;Ketahanan nasional memiliki sifat sifat yaitu sifat manunggal, sifat mawas ke dalam, sifat berwibawa, sifat berubah menurut waktu, sifat tidak membenarkan sikap adu kekuasaan dan kekuatan.
Di mana terdapat strategi pertahanan keamanan bangsa Indonesia di atur?;Pasal 30 ayat (1) UUD 1945. menyatakan: “tiap-tiap warga negara berhak dan wajib ikut serta dalam usaha pertahanan dan keamanan negara.”
Baret Orange TNI apa?;Kopaskat dimiliki oleh TNI AU. Ciri khas pasukan khusus ini yaitu menggunakan baret warna jingga. Pasukan ini merupakan pasukan tempur untuk kebutuhan matra udara.
Baret merah TNI apa?;Baret TNI yang cukup dikenal luas adalah baret merah yang dikenakan Komando Pasukan Khusus (Kopassus). Baret Kopassus berwarna merah darah dengan emblem Tribhuana Candraca Satya Dharma. Komando Pasukan Katak (Kopaska) yang juga merupakan satuan khusus milik TNI AL turut mengenakan baret berwarna merah tua
Baret Raider warna apa?;Baret hijau adalah baret yang dipakai di lingkungan Markas Besar TNI AD, Markas Kodam, serta satuan teritorial Kodim dan Koramil
Apa saja lima dasar sistem pertahanan negara?;Nilai Dasar Bela Negara adalah Cinta Tanah Air, sadar berbangsa dan bernegara, setia pada Pancasila sebagai Ideologi Negara, Rela Berkorban untuk Bangsa dan Negara dan Kemampuan Awal Bela Negara.
Apa saja materi yang diberikan dalam pendidikan atau pelatihan Komcad?;Program pendidikan pelatihan dasar kemiliteran Komcad dilaksanakan selama 3 bulan (600 jam pelajaran). Adapun tempat pelaksanaan pendidikan adalah Lembaga Pendidikan TNI Angkatan Darat, TNI Angkatan Laut, dan TNI Angkatan Udara. Sesuai Permenhan nomor 4 tahun 2021 tentang Kurikulum Pelatihan Dasar Kemiliteran Komcad, sasaran yang ingin dicapai adalah:
Apa saja hak dan kewajiban anggota Komponen Cadangan?;Sesuai UU No 23 tahun 2019 tentang Pengelolaan Sumber Daya Nasional untuk Pertahanan Negara, anggota Komcad memiliki sejumlah hak dan kewajiban. Dalam pasal 41 disebutkan anggota Komcad memiliki kewajiban:
Apakah Komcad ada pangkat?;Untuk kepangkatan Komcad akan hanya ada saat mereka bertugas sebagai Komcad. Namun, sebagai warga negara sipil, Komcad tidak berpangkat. Sesuai PP No 3 Tahun 2021 Pasal 58 Komponen Cadangan yang telah dilantik akan diberikan pangkat mengacu pada penggolongan pangkat Tentara Nasional Indonesia. Pangkat tersebut digunakan ketika anggota Komponen Cadangan berada pada masa aktif.
Apa yang membedakan Komponen Cadangan dan wajib militer?;Berbeda dengan wajib militer. Mereka yang dipanggil dalam program wajib militer setelah dididik dan dilatih mendapat penugasan sebagai anggota militer dalam kurun waktu tertentu, misalnya setahun atau dua tahun. Mereka berstatus sebagai anggota militer aktif selama masa dinas wajib militer tersebut. Setelah itu, mereka bisa memilih untuk kembali kepada profesi masing – masing sebagai warga sipil atau melanjutkan berdinas di militer.
Bagaimana setelah selesai pelatihan?;Setelah selesai pelatihan dan dinyatakan lulus, mereka  akan ditetapkan secara resmi sebagai anggota Komcad dan bisa kembali ke profesi awalnya sebagai warga negara sipil. Seluruh atribut kemiliteran yang digunakan untuk latihan, termasuk senjata, dikembalikan ke lembaga pendidikan militer masing-masing sesuai dengan Peraturan Pemerintah No. 3/2021.
Apa pangkat tertinggi Komcad?;Selamat memahami ketika Menteri Pertahanan Prabowo Subianto memberikan penghargaan kepada Deddy sebagai duta Komponen Cadangan (Komcad) pada Oktober 2021. Ia menambahkan, Komcad berbeda dengan pangkat tituler. “Pangkat tertinggi Komcad itu hanya kapten.
Komcad matra darat selama tidak aktif siapa yang mengawasi?;Komcad matra darat yang baru saja di tetapkan misalnya, selama masa tidak aktif, mereka di bawah pengawasan TNI AD secara berjenjang dari Pusat Teritorial Angkatan Darat (Pusterad) ke bawah yaitu staf teritorial di Kodam, Korem, Kodim sampai dengan Koramil.
Apa nama sistem pengawasan dari Kemhan?;Kemhan memiliki Sistem Informasi Sumber Daya Pertahanan (Sisinfo Sumdahan) yang di antaranya digunakan sebagai pusat data pengelolaan anggota Komcad.
;
UU mana yang memerintahkan pembentukan Komcad?;UU RI Nomor 3 Tahun 2002 tentang Pertahanan Negara, UU RI Nomor 34 Tahun 2004 tentang TNI, UU RI Nomor 23 Tahun 2019 tentang PSDN
Berapa komponen pertahanan negara?;pertahanan negara terdiri dari tiga komponen, yaitu Komponen Utama, Komponen Cadangan, dan Komponen Pendukung.
Penyelenggaraan Pertahanan Negara berpedoman pada apa?;Penyelenggaraan Pertahanan Negara berpedoman pada sistem pertahanan dan keamanan rakyat semesta (Sishankamrata) dengan melibatkan seluruh warga negara, wilayah, dan sumber daya nasional lainnya. Pemerintah mengemban amanat untuk mempersiapkan Sishankamrata dipersiapkan secara dini dan diselenggarakan secara total, terpadu, terarah, dan berlanjut untuk menegakkan kedaulatan negara, keutuhan wilayah, dan keselamatan segenap bangsa dari segala ancaman dengan memperhatikan aspek perkembangan lingkungan strategis.
Apakah Komcad dapat gaji bulanan?;Mereka juga tetap menerima tunjangan kinerja atau tunjangan jabatan seperti saat menjalankan tugas kedinasan di instansinya.
Apa yang dimaksud komponen cadangan dan komponen utama?;Komponen utama mengacu pada Tentara Nasional Indonesia sebagai kekuatan utama. Komponen cadangan mengacu pada warga negara dan sumber daya dan Sarana dan Prasarana Nasional, yang siap dikerahkan setiap saat untuk membantu Komponen Utama.
Pembentukan Komcad apakah memperbesar Komponen Utama (TNI)?;Komcad memungkinkan memperbesar dan memperkuat Komponen Utama (TNI) secara efisien tanpa harus memperbesar kekuatan TNI yang membutuhkan anggaran jauh lebih besar. Praktik semacam ini juga dilakukan oleh negara – negara yang memiliki anggaran serta kekuatan militer yang besar seperti AS, China, Rusia, dan India.
Baret Hitam kesatuan apa?;aret hitam dimiliki oleh pasukan Kavaleri dengan lambang berupa Pusat Kesenjataan Kavaleri (Pusenkav) yaitu Tri Daya Cakti, dengan emblem latar belakang pedang dan tombak yang bersilang, ditambah tapal kuda di atasnya.
Baret Coklat TNI kesatuan apa?;Korps Artileri Medan (ARM): adalah kesatuan senjata berat. Juga merupakan Banpur seperti halnya Kavaleri. Fungsi utamanya adalah bantuan tempur darat dalam misi membantu pasukan Infanteri. Satuan ini dapat dibedakan dari Warna Baretnya Coklat.
Sampai umur berapa kemampuan anggota Komcad dijaga?;Kemampuan anggota Komcad harus selalu dijaga sampai masa baktinya pada usia 48 tahun.
Apa perbedaan antara bela negara secara fisik dan non fisik?;Pembelaan negara secara fisik diantaranya dengan cara perjuangan mengangkat senjata apabila ada serangan dari negara asing terhadap kedaulatan bangsa. Sementara, pembelaan negara secara non fisik diartikan sebagai semua usaha untuk menjaga bangsa serta kedaulatan negara melalui proses peningkatan nasionalisme.
Bagaimana sifat pertahanan dan keamanan negara?;sifat manunggal, sifat mawas ke dalam, sifat berwibawa, sifat berubah menurut waktu, sifat tidak membenarkan sikap adu kekuasaan dan kekuatan.
Apa saja strategi yang dilakukan bangsa Indonesia dalam menghadapi ancaman non militer?;bangsa Indonesia harus segera mewujudkan hal-hal sebagai berikut: 1) Mengembangkan demokrasi politik. 2) Mengaktifkan masyarakat sipil dalam arena politik. 3) Mengadakan reformasi lembaga-lembaga politik agar menjalankan fungsi dan peranannya secara baik dan benar.
Apa kepanjangan dari Komcad TNI?;Apa kepanjangan dari Komcad TNI? Komponen Cadangan Tentara Nasional Indonesia, disingkat Komcad TNI adalah pasukan cadangan militer Indonesia, yang berkedudukan langsung di bawah Markas Besar Tentara Nasional Indonesia dan Kementerian Pertahanan Republik Indonesia.
Pelatihan penyegaran bertujuan untuk apa?;Pelatihan penyegaran sebagaimana dimaksud dalam Pasal 63 huruf a merupakan latihan untuk memelihara dan meningkatkan serta menjaga kemampuan dalam bidang pengetahuan dan keterampilan untuk kepentingan negara.
Apa tugas TNI cadangan?;
Komcad itu TNI apa bukan?;Apakah Komcad adalah Wajib Militer? Bukan. Komponen Cadangan (Komcad) bukan wajib militer.
Berapa lama masa pelatihan penyegaran?;Masa pelatihan penyegaran dilaksanakan paling singkat 12 (dua belas) hari dan paling lama 90 (sembilan puluh) hari. Masa pelatihan penyegaran dilakukan secara bertahap dan berkelanjutan.
Apakah Komcad naik pangkat?;Kepangkatan ini pun hanya berfungsi saat mereka bertugas sebagai Komcad. Sebagai warga negara sipil, Komcad tidak berpangkat
Apa yang dimaksud Komcad TNI?;Sumber Daya Nasional yang telah disiapkan untuk dikerahkan melalui mobilisasi guna memperbesar dan memperkuat kekuatan dan kemampuan Komponen Utama.
Batalyon-Batalyon Komcad akan ditempatkan di?;daerah-daerah yang tidak memiliki satuan TNI setingkat Kodim dengan tujuan sebagai pelapis dan pendukung kekuatan utama.
Bagaimana penanggulangan ancaman militer?;Mobilisasi merupakan tindakan pengerahan dan penggunaan secara serentak Sumber Daya Nasional yang telah dibina dan dipersiapkan sebagai komponen kekuatan Pertahanan Negara untuk dipergunakan secara tepat, terpadu, dan terarah bagi penanggulangan ancaman militer atau keadaan perang yang membahayakan wilayah dan kedaulatan NKRI.
Dimana tempat pelaksanaan pendidikan militer?;Adapun tempat pelaksanaan pendidikan adalah Lembaga Pendidikan TNI Angkatan Darat, TNI Angkatan Laut, dan TNI Angkatan Udara.
Apakah seragam Komcad dikembalikan?;Kementerian Pertahanan (Kemhan) memastikan seragam, termasuk senjata, yang digunakan komponen cadangan (komcad) dikembalikan setelah secara resmi diangkat oleh Presiden Joko Widodo (Jokowi) dan masuk masa tidak aktif.
Jumlah pasukan militer yang aktif, mereka ini adalah?;tentara yang betul-betul aktif dan memang bekerja di kemiliteran. Jumlah pasukan cadangan, mereka hanya dibutuhkan ketika ada mobilisasi pasukan darurat.
Apa arti batalyon?;Batalyon adalah satuan militer yang terdiri dari dua sampai enam kompi atau baterai (istilah kompi untuk satuan artileri). Komandan batalyon (Danyon) biasanya seorang Mayor atau Letkol. Pemakaian istilah batalyon berbeda-beda pada setiap negara.
Matra TNI ada berapa?;TNI dibagi Menjadi 3 Matra/Angkatan yaitu Tentara Nasional Angkatan Darat (TNI-AD), Tentara Nasional Angkatan Udara (TNI-AU), dan Tentara Nasional Angkatan Laut (TNI-AL).
Kapan baret ditemukan?;Produksi massal baret dimulai pada abad ke-19 di Prancis dan Spanyol, negara-negara yang tetap terkait. Baret biasanya dipakai sebagai bagian dari banyak seragam unit militer dan polisi di seluruh dunia, serta oleh organisasi lainnya.
Jika ancaman militer sudah dapat diatasi ;Korps Marinir merupakan salah satu satuan yang berada di bawah naungan TNI AL. Sehingga posisi Korps Marinir dalam struktur organisasi TNI berada tepat di bawah Kepala Staf Angkatan Laut (Kasal) sebagai salah satu Komando Utama
Di atas batalyon ada apa?;Resimen (di TNI disingkat Men, bahasa Prancis: régiment) adalah pasukan tentara yang terdiri atas beberapa batalyon yang biasanya dikepalai oleh seorang perwira menengah.
Dalam hal apa Presiden dapat menyatakan demobilisasi?;Dalam hal ancaman militer yang membahayakan wilayah dan kedaulatan NKRI sudah dapat diatasi, Presiden dapat menyatakan demobilisasi.
Baret Komcad warna apa?;Personel Komcad dibekali baret berwarna hijau yang hampir mirip dengan Korps Infanteri.
TNI berada di bawah naungan siapa?;Beni menjelaskan, dalam bagian penjelasan UU TNI, disebutkan secara jelas bahwa ke depan institusi TNI berada di bawah Kementerian Pertahanan. 
Apa itu demobilisasi?;Demobilisasi merupakan tindakan penghentian pengerahan dan penghentian penggunaan Sumber Daya Nasional yang berlaku untuk seluruh wilayah negara yang diselenggarakan secara bertahap guna memulihkan fungsi dan tugas setiap unsur seperti sebelum berlakunya Mobilisasi.
Apa bedanya baret hijau dan merah?;Baret TNI yang cukup dikenal luas adalah baret merah yang dikenakan Komando Pasukan Khusus (Kopassus)
Apa 3 wujud konsepsi Ketahanan Nasional?;yakni Ketahanan Nasional sebagai kondisi, Ketahanan Nasional sebagai metode atau pendekatan, dan Ketahanan Nasional sebagai doktrin pengaturan bernegara.
Mobilisasi dan Demobilisasi dinyatakan oleh siapa?;Mobilisasi dan Demobilisasi dinyatakan oleh Presiden dengan persetujuan DPR RI.
Komcad Itu Untuk Apa?;merupakan elemen penting sebagai strategi antisipatif agar segenap bangsa siap menghadapi ancaman dan gangguan. Tak hanya itu, Komcad juga berguna untuk menjaga keutuhan wilayah, serta melindungi keselamatan bangsa Selain itu, Komcad juga menjadi upaya dalam memperkuat rasa nasionalisme bagi masyarakat. Sebab, sistem pertahanan jadi kebutuhan mendasar bagi sebuah negara untuk menegakkan kedaulatan. Salah satu perwujudannya adalah penguatan tambahan melalui Komcad yang berasal dari rakyat.
Strategi apa yang digunakan Panglima TNI unruk memperbesar komponen utama?;Pengerahan Komcad dimanfaatkan sesuai strategi Panglima TNI untuk memperbesar dan memperkuat komponen utama dalam keadaan perang/darurat perang setelah Presiden menyatakan mobilisasi dan disetujui oleh DPR RI.
Berapa batalion awalnya Pemerintah untuk membentuk Komcad?;Pada awalnya Pemerintah memang berencana membentuk 100 batalion Komcad.
Kenapa rencana awal Pemerintah membentuk 100 batalion Komcad mengalami perubahan?;rencana tersebut mengalami perubahan mengingat kondisi keuangan negara akibat dampak pandemi Covid-19. Pada tahun 2022, direncanakan akan dilakukan rekrutmen anggota Komcad yang terdiri dari matra darat, matra laut dan matra udara sesuai kebutuhan masing – masing matra serta sesuai kemampuan keuangan negara.
Batalyon Raider ada berapa?;Artinya, Para Raider ini awalnya adalah prajurit infanteri penerjun yang diberi tambahan kualifikasi Raider. Saat ini, tercatat ada sekitar 9 Batalyon Para Raider yang tersebar di berbagai wilayah Indonesia.
Berapa bulan pelatihan komcad matra darat?;Sebanyak 200 siswa Komponen Cadangan (Komcad) Matra Darat mengikuti Upacara Pembukaan Latihan Dasar Militer (Latsarmil) yang digelar di Makodam VIII/Ksr, Manokwari. Program pendidikan pelatihan dasar kemiliteran ini rencananya akan dilaksanakan selama 3 bulan bertempat di Rindam VIII/Ksr
Berapa bulan pelatihan komcad matra laut?;Program pendidikan pelatihan dasar kemiliteran Komcad dilaksanakan selama 3 bulan (600 jam pelajaran). Adapun tempat pelaksanaan pendidikan adalah Lembaga Pendidikan TNI Angkatan Darat, TNI Angkatan Laut, dan TNI Angkatan Udara.
Peraturan apa yang menyebutkan Komcad akan diberikan pangkat?;Sesuai PP No 3 Tahun 2021 Pasal 58 Komponen Cadangan yang telah dilantik akan diberikan pangkat mengacu pada penggolongan pangkat Tentara Nasional Indonesia.
1 batalyon itu berapa?;Batalyon adalah satuan militer yang terdiri dari dua sampai enam kompi. Komandan batalyon umumnya merupakan seorang Mayor atau Letkol. Pemakaian istilah batalyon ini berbeda-beda di setiap negara.
Batalyon 500 dimana?;Markas Komando dan menetap hingga sekarang di Jalan Gajah Mada, Gunungsari, Surabaya.
Berapa orang dalam 1 kompi?;Kompi : Kompi merupakan satuan militer yang terdiri dari 100 orang. Pada umumnya kompi terdiri dari tiga atau empat peleton, dan ini berbeda-beda tergantung negara dan jenis satuan anggota kompi. Dua sampai enam kompi membentuk sebuah batalyon.
Pada saat apa pangkat Komcad digunakan?;Pangkat tersebut digunakan ketika anggota Komponen Cadangan berada pada masa aktif.
Kenapa Komcad menjadi paket lengkap penguatan pertahanan?;Komcad menjadi paket lengkap penguatan pertahanan negara bersamaan dengan upaya memperkuat alutsista, karena ketika ancaman perang berlarut datang atau bencana alam besar datang, Komponen Utama (TNI) sangat membutuhkan sokongan dari sumber daya manusia yang sudah terlatih dan terorganisir dengan baik.
Berapa batas umur masuk Komcad?;Berusia minimal 18 (delapan belas) tahun dan maksimal 35 ( tiga puluh lima) tahun.
Berapa anggota Komcad matra laut;Adapun Komcad Matra Laut yang dididik di Kodikmar Surabaya yang terdiri dari 450 orang Komcad pria dan 50 Orang Komcad Wanita.
Berapa anggota Komcad matra udara?;Komcad Matra Udara berjumlah 500 orang yang dididik di Wingdik 800/Pasgat Bandung.
Berapa anggota Komcad matra darat?;Matra Darat Komcad yang ditetapkan sebanyak 500 orang dari Kodam I/Bukit Barisan, 499 orang dari Kodam IX/Udayana, 298 orang dari Kodam XIII/Merdeka, serta 200 orang dari Kodam XVIII/Kasuari.
apa saja jenis komcad?;Komcad terbagi menjadi empat, yaitu Komcad sumber daya manusia, Komcad sumber daya alam, Komcad sumber daya buatan, Komcad sarana dan prasarana.
Kapan Komcad dibutuhkam?;Semuanya dipersiapkan untuk dimanfaatkan ketika negara dalam kondisi darurat militer atau bencana alam.
Seleksi Komcad, sehingga Kemhan tidak mendidik calon teroris?;Seleksi untuk menjadi anggota komcad mencakup persyaratan umum dan persyaran kompetensi. Dengan menetapkan aspek fisik dan psikis (idiologi Pancasila dan loyalitas kepad NKRI). Materi pelatihan meliputi peningkatan kesadraran bela nefara, latihan dasar kemiliteran, agar memiliki jiwa nasionalime dan patriotisme yang tinggi.
Apakah Komcad ada tes kesehatan?;Para calon siswa Komcad (Komponen Cadangan) Matra Udara tahun anggaran 2023 menjalani beberapa rangkaian test uji kompetensi untuk bidang psikologi, kesehatan umum, dan keswa (kesehatan jiwa) tertuli
Apa saja tes kesehatan Komcad?;Dalam Tes Kesehatan 2 seluruh peserta wajib mengikuti Tes Darah , EKG dan Radiologi (Rontgen).
Di gedung mana tes kesahatn komcad?;gedung Andromeda dan gedung balai prajurit Cendrawasih, Lanud Sulaiman,
Berapa bulan latihan Komcad?;3 bulan
Apa saja materi yang diberikan dalam pendidikan atau pelatihan Komcad?;Program pendidikan pelatihan dasar kemiliteran Komcad dilaksanakan selama 3 bulan (600 jam pelajaran).
Kepanjangannya Komcad TNI adalah?;Komponen Cadangan Tentara Nasional Indonesia,
Tentara wanita disebut apa ya?;Didalam perkembangannya TNI memerlukan tenaga-tenaga wanita untuk ditugaskan dalam bidang dan lapangan penugas tertentu. Maka dibentuklah Kowad, Kowal, Wara dan Polwan
militer Indonesia 2023 peringkat Berapa?;World Directory of Modern Military Warships (WDMMW) merilis daftar negara-negara dengan angkatan laut terkuat di dunia pada 2023. Dari 36 negara yang disurvei, Indonesia menduduki peringkat keempat dengan True Value Rating (TvR) sebesar 137,3 poin.
Jadi Kowad harus lulusan apa?;Lulusan SMA/MA/SMK tahun 2020, nilai ujian minimal rata-rata raport dari 3 mata pelajaran (Bahasa Indonesia, Bahasa Inggris, dan Matematika) adalah 68 ujian nasional rata-rata akan ditentukan
Kodam itu singkatan dari apa?;Komando Daerah Militer atau Kodam merupakan satuan utama dalam melaksanakan pembinaan dan operasional kewilayahan TNI AD.
Tugas Kodam adalah?;untuk menyelenggarakan pembinaan dan operasional pertahanan aktif di darat sesuai dengan kebijakan TNI.
Apakah calon TNI tidak boleh merokok?;Calon siswa atau casis TNI saat masih berproses tentu akan dihadapkan pada aturan-aturan yang ketat. Salah satunya adalah tidak diperbolehkan untuk merokok. Pasalnya, rokok dapat merugikan kesehatan tubuh.
Kodam berpangkat apa?;Sebuah Kodam dipimpin oleh seorang Panglima Kodam atau disingkat Pangdam yang berpangkat Mayor Jenderal
Kapan TNI lepas dinas?;Prajurit melaksanakan dinas keprajuritan sampai usia paling tinggi 58 tahun bagi perwira, dan 53 tahun bagi Bintara dan Tamtama'
Syarat umur, batas minimum untuk menjadi KOMCAD adalah 1;18 tahun dan maksimal 35 tahun dengan masa pengabdian hingga 48 tahun
Berapa jumlah komcad gelombang pertama?;Pada gelombang pertama di 2021 berjumlah 3.103 orang
Berapa jumlah komcad gelombang kedua?;gelombang kedua di 2022 berjumlah 2.974 orang
Berapa total jumlah anggota komcad dari geloombang pertama sampai kedua?;jumlah Komcad yang sudah ditetapkan sebanyak 8.574 orang
Komcad dimanfaatkan dalam keadaan?;Semuanya dipersiapkan untuk dimanfaatkan ketika negara dalam kondisi darurat militer atau bencana alam. Mobilisasi Komcad hanya bisa dilakukan oleh Presiden atas persetujuan DPR RI untuk kepentingan pertahanan negara. Komcad berjumlah 2.974 orang
Apa nama tentara terkuat di Indonesia?;Komando Pasukan Khusus atau Kopassus
Komando Pasukan Khusus atau Kopassus termasukdalam  bagian?;adalah bagian dari satuan pasukan yang dimiliki oleh TNI Angkatan Darat. Kopassus memiliki kemampuan untuk bergerak cepat di medan pertempuran, menembak dengan tepat, pengintaian, dan juga anti teror